CREATE DATABASE  IF NOT EXISTS `philippinelocale` /*!40100 DEFAULT CHARACTER SET utf8mb4 COLLATE utf8mb4_0900_ai_ci */ /*!80016 DEFAULT ENCRYPTION='N' */;
USE `philippinelocale`;
-- MySQL dump 10.13  Distrib 8.0.36, for Win64 (x86_64)
--
-- Host: localhost    Database: philippinelocale
-- ------------------------------------------------------
-- Server version	8.0.36

/*!40101 SET @OLD_CHARACTER_SET_CLIENT=@@CHARACTER_SET_CLIENT */;
/*!40101 SET @OLD_CHARACTER_SET_RESULTS=@@CHARACTER_SET_RESULTS */;
/*!40101 SET @OLD_COLLATION_CONNECTION=@@COLLATION_CONNECTION */;
/*!50503 SET NAMES utf8 */;
/*!40103 SET @OLD_TIME_ZONE=@@TIME_ZONE */;
/*!40103 SET TIME_ZONE='+00:00' */;
/*!40014 SET @OLD_UNIQUE_CHECKS=@@UNIQUE_CHECKS, UNIQUE_CHECKS=0 */;
/*!40014 SET @OLD_FOREIGN_KEY_CHECKS=@@FOREIGN_KEY_CHECKS, FOREIGN_KEY_CHECKS=0 */;
/*!40101 SET @OLD_SQL_MODE=@@SQL_MODE, SQL_MODE='NO_AUTO_VALUE_ON_ZERO' */;
/*!40111 SET @OLD_SQL_NOTES=@@SQL_NOTES, SQL_NOTES=0 */;

--
-- Table structure for table `employee`
--

DROP TABLE IF EXISTS `employee`;
/*!40101 SET @saved_cs_client     = @@character_set_client */;
/*!50503 SET character_set_client = utf8mb4 */;
CREATE TABLE `employee` (
  `id` int NOT NULL AUTO_INCREMENT,
  `lastname` varchar(100) NOT NULL,
  `firstname` varchar(100) NOT NULL,
  `office_id` int DEFAULT NULL,
  `address` text,
  PRIMARY KEY (`id`),
  KEY `office_id` (`office_id`),
  CONSTRAINT `employee_ibfk_1` FOREIGN KEY (`office_id`) REFERENCES `office` (`id`) ON DELETE SET NULL
) ENGINE=InnoDB AUTO_INCREMENT=201 DEFAULT CHARSET=utf8mb4 COLLATE=utf8mb4_0900_ai_ci;
/*!40101 SET character_set_client = @saved_cs_client */;

--
-- Dumping data for table `employee`
--

LOCK TABLES `employee` WRITE;
/*!40000 ALTER TABLE `employee` DISABLE KEYS */;
INSERT INTO `employee` VALUES (1,'Champlin','Casandra',19,'19A Pagac Street, Poblacion, San Jose 7607 Camarines Sur'),(2,'Boyle','Pablo',36,'46A Stoltenberg Street, President Roxas 6290 Isabela'),(3,'Corkery','Axel',34,'50A Goyette Street, Poblacion, La Carlota 2002 Lanao del Norte'),(4,'Christiansen','Anthony',15,'97/72 Herman Street, Labrador 0807 Aurora'),(5,'Gerlach','Nicholaus',13,'62 Mosciski Street, Santa Rita 3756 Siquijor'),(6,'Harris','Lonzo',26,'63A/84 Lueilwitz Street, Leon 2899 Davao Oriental'),(7,'Jacobi','Ned',10,'73 Conroy Street, Poblacion, Mati 8669 Sultan Kudarat'),(8,'Lakin','Judson',16,'23A Skiles Street, Poblacion, Catbalogan 1022 Southern Leyte'),(9,'Walsh','Dedric',35,'35A Lehner Street, Poblacion, Guihulngan 6206 Eastern Samar'),(10,'Koelpin','Otha',39,'29 Marquardt Street, Meycauayan City 5171 Masbate'),(11,'Block','Junius',5,'15A Kuhic Street, Garchitorena 3127 Zamboanga del Norte'),(12,'Dietrich','Addison',28,'70 Olson Street, Godod 1390 Aurora'),(13,'Kemmer','Rey',21,'89 Von Street, Lebak 7221 Misamis Oriental'),(14,'Hagenes','Edmond',2,'35A Klocko Street, Burgos 0340 Cavite'),(15,'O\'Keefe','Martin',3,'27A Kutch Street, Poblacion, Dasmariñas 9345 Leyte'),(16,'Hoeger','Wanda',39,'48A/61 Pagac Street, Poblacion, Iligan 1144 Bataan'),(17,'Howe','Adolf',20,'09A Walsh Street, Poblacion, Iloilo City 0745 Lanao del Sur'),(18,'Wiza','Nina',48,'02/36 Larkin Street, Candon City 2406 Benguet'),(19,'Sporer','Jedediah',30,'04 Gibson Street, Poblacion, Biñan 7293 Aurora'),(20,'Zieme','Flossie',2,'25 Smith Street, Bacuag 3233 Eastern Samar'),(21,'Reichel','Marcia',15,'93/45 Mueller Street, Guipos 5206 Zamboanga del Sur'),(22,'Prosacco','Joe',48,'77 Berge Street, Gainza 4646 Antique'),(23,'Doyle','Zander',10,'70/10 Stroman Street, San Ildefonso 6473 Pangasinan'),(24,'Lynch','Madisyn',27,'72A Glover Street, Poblacion, Manila 3956 Bataan'),(25,'Stamm','Sebastian',38,'07A/22 Turner Street, Poblacion, Calapan 4554 Zamboanga del Norte'),(26,'Stroman','Muriel',32,'90 Armstrong Street, Bamban 9271 Nueva Ecija'),(27,'Pacocha','Marianna',32,'35A Hyatt Street, Poblacion, Masbate City 6582 Sorsogon'),(28,'Tillman','Dianna',1,'62A Hermann Street, Poblacion, Maasin 4072 Leyte'),(29,'Wisoky','Arjun',27,'27A/60 Hermann Street, Oton 1788 Ilocos Norte'),(30,'Rodriguez','Zachariah',8,'25A/26 Abshire Street, Naga City 2183 Agusan del Sur'),(31,'Abernathy','Alvah',16,'04A Deckow Street, Poblacion, Zamboanga City 5432 Masbate'),(32,'Koelpin','Easter',8,'31A/66 Volkman Street, Calauag 9816 Antique'),(33,'Jacobi','Estefania',22,'11 Kemmer Street, Poblacion, Maasin 0152 Laguna'),(34,'Hoppe','Amie',14,'39A/65 Stehr Street, Quezon 6584 Antique'),(35,'Daniel','Pattie',36,'50 Kemmer Street, Poblacion, Pasig 4088 Cagayan'),(36,'Nolan','Kristian',22,'67A/58 Runte Street, Claveria 5455 Romblon'),(37,'Pfeffer','Alaina',16,'13 Gerhold Street, Mendez 1717 Tarlac'),(38,'Kassulke','Corine',44,'03A/49 Satterfield Street, Poblacion, Sipalay 6185 Camarines Norte'),(39,'Gerlach','Raegan',42,'26A/99 Will Street, Poblacion, Muntinlupa 9693 Bukidnon'),(40,'Goldner','Vern',14,'09 Barrows Street, Poblacion, Tangub 7327 Batangas'),(41,'Legros','Lucius',20,'58A Larkin Street, Kapalong 5618 Ifugao'),(42,'O\'Hara','Noble',5,'15A/87 Rowe Street, Luna 2082 Bataan'),(43,'Howell','Breana',29,'36A Kreiger Street, Poblacion, Cadiz 6803 Romblon'),(44,'Harris','Kelli',43,'26A/95 Padberg Street, Poblacion, Batac 3186 Lanao del Norte'),(45,'Abshire','Lucio',31,'67A Hilll Street, Poblacion, Catbalogan 0817 Lanao del Norte'),(46,'Steuber','Alycia',15,'37/42 Ziemann Street, Poblacion, Baguio 0634 Zamboanga del Sur'),(47,'Marvin','Lucius',8,'99A/49 Bartoletti Street, Batan 4848 Antique'),(48,'Hegmann','Jannie',9,'02 Dietrich Street, San Miguel 6535 Samar'),(49,'Collins','Tatyana',48,'14 Koelpin Street, Santa Fe 9173 Abra'),(50,'Deckow','Brando',1,'52A Labadie Street, Urbiztondo 0189 Isabela'),(51,'Schaefer','Filomena',8,'72A/50 Zieme Street, Paniqui 4331 Maguindanao'),(52,'Mayert','Elmer',34,'73A/85 Glover Street, Poblacion, Lucena 5803 Laguna'),(53,'Thompson','Clarabelle',50,'93A/71 Wilkinson Street, Bayang 2471 Pampanga'),(54,'Armstrong','Cortney',17,'79 Mitchell Street, Kabayan 2529 Sulu'),(55,'Pagac','Elwin',10,'18A Ernser Street, San Marcelino 9709 Antique'),(56,'Hermiston','Alva',3,'05A/13 Thompson Street, Poblacion, Tabaco 3522 Occidental Mindoro'),(57,'Legros','Wilfred',40,'44A/71 Schumm Street, Poblacion, Bayugan 2214 Maguindanao'),(58,'Lubowitz','Florencio',18,'85 Bartell Street, Poblacion, Pagadian 7738 Ilocos Norte'),(59,'Hudson','Deron',16,'68/68 Fahey Street, Badoc 8531 Zamboanga Sibugay'),(60,'O\'Hara','Rosario',9,'31/26 Cormier Street, Poblacion, Valenzuela 7593 Zamboanga del Norte'),(61,'Feest','Ciara',29,'58A/44 Kerluke Street, Daram 6286 Davao del Sur'),(62,'Ritchie','Kaitlyn',28,'88A Gerlach Street, Tampilisan 1261 Sulu'),(63,'Hayes','Lexus',22,'47A Spinka Street, Poblacion, Isabela 3284 Bulacan'),(64,'Rodriguez','Karli',11,'53A/52 Torphy Street, San Julian 9529 Ifugao'),(65,'Price','Manuel',1,'19/32 Volkman Street, Lapuyan 3319 Ilocos Norte'),(66,'Labadie','Tremayne',25,'88A/51 Wilkinson Street, Urbiztondo 7100 Sultan Kudarat'),(67,'Schuster','Creola',49,'79 Hackett Street, Poblacion, Escalante 4712 Masbate'),(68,'Kirlin','Winfield',14,'68A/47 Cole Street, Poblacion, Manila 7597 Kalinga'),(69,'Kemmer','Kendra',15,'87A/80 Beatty Street, Caba 0197 Agusan del Sur'),(70,'Bashirian','Lydia',42,'58/04 Hermiston Street, Balaoan 2004 Isabela'),(71,'Roberts','Alexie',1,'35 Russel Street, Poblacion, Caloocan 5686 Cavite'),(72,'Gerlach','Dina',41,'60 Goldner Street, Sablan 9205 Negros Oriental'),(73,'O\'Kon','Rupert',41,'96/80 Kautzer Street, Kapatagan 1451 Guimaras'),(74,'Crist','Colt',49,'16 Hoppe Street, Poblacion, Tabaco 6221 Abra'),(75,'Howe','Alena',21,'28/46 Kihn Street, Jiabong 2816 Ilocos Sur'),(76,'Pacocha','Willis',20,'55 McDermott Street, Poblacion, Caloocan 0176 Pangasinan'),(77,'Dicki','Randal',1,'15 Vandervort Street, San Enrique 7447 Cebu'),(78,'Lesch','Alejandrin',22,'72 Russel Street, Almeria 4976 Southern Leyte'),(79,'Weimann','Loyal',6,'19A Orn Street, Barotac Nuevo 3027 Ilocos Norte'),(80,'Howe','Sibyl',2,'16 Witting Street, Alicia 4368 Zamboanga del Norte'),(81,'Green','Drew',9,'47 Johns Street, Poblacion, La Carlota 5649 Biliran'),(82,'Strosin','Maymie',39,'39A Mante Street, Poblacion, Imus 6670 Aurora'),(83,'Bauch','Ayden',17,'77A Moen Street, Gubat 4685 Catanduanes'),(84,'Marquardt','Arnaldo',18,'98A Weber Street, Buenavista 2587 Sorsogon'),(85,'Hickle','Sanford',35,'71A Stroman Street, San Agustin 5342 South Cotabato'),(86,'Cronin','Boyd',36,'39/21 Carroll Street, Bilar 6711 Quirino'),(87,'Klein','Ruben',27,'71/65 Huels Street, Poblacion, Iloilo City 2461 Iloilo'),(88,'Kemmer','Alycia',32,'28/53 Monahan Street, Poblacion, Panabo 9476 Cebu'),(89,'Grant','Janis',28,'93 Kautzer Street, Poblacion, Bais 4877 Mountain Province'),(90,'Grant','Maya',20,'64A/01 Rolfson Street, Santa Fe 7409 Zamboanga Sibugay'),(91,'Jaskolski','Zackery',29,'45/25 Brown Street, Ballesteros 5636 Surigao del Sur'),(92,'Rippin','Rashad',5,'10A/53 Cummings Street, Poblacion, Roxas 0524 Oriental Mindoro'),(93,'Adams','Ebba',13,'81A Harber Street, Poblacion, Roxas 7252 Batangas'),(94,'Koepp','Silas',31,'20A/81 Altenwerth Street, Malabuyoc 6145 Rizal'),(95,'Effertz','Johnathon',16,'88/83 Barton Street, Ragay 2940 La Union'),(96,'Jerde','Otha',22,'61/80 Kuhlman Street, La Paz 1962 Northern Samar'),(97,'Rau','Verna',3,'93/63 Rempel Street, Kawayan 5138 Guimaras'),(98,'Schumm','Alvis',17,'29/31 Johnston Street, Poblacion, Bago 3665 Bohol'),(99,'Waelchi','Victoria',10,'32 Hauck Street, Poblacion, Surigao City 8154 Ilocos Sur'),(100,'Davis','Rocio',50,'80 Jacobs Street, Villaverde 8975 Agusan del Sur'),(101,'Purdy','Payton',13,'35/50 Jacobs Street, Poblacion, Taguig 9002 Siquijor'),(102,'Williamson','Jerel',4,'11A/32 Considine Street, Poblacion, Parañaque 5040 Guimaras'),(103,'Nikolaus','Tyrel',7,'61 Franecki Street, Poblacion, Marawi 0087 Quezon'),(104,'Swift','Margret',46,'71/26 Pouros Street, Calubian 9403 Nueva Ecija'),(105,'Wehner','Ashtyn',30,'31A/71 Olson Street, Poblacion, Bayugan 7829 Romblon'),(106,'Stracke','Vicky',7,'56/82 Heller Street, Ormoc City 8603 Northern Samar'),(107,'Daugherty','Jazlyn',46,'60A Ortiz Street, Poblacion, Malabon 2836 Bulacan'),(108,'Johnston','Eryn',4,'03A Mayer Street, Poblacion, Quezon City 4372 Capiz'),(109,'Schoen','Tremayne',24,'87/53 Kassulke Street, Poblacion, Davao City 1734 Tarlac'),(110,'Howe','Carmel',31,'68 Veum Street, Cabarroguis 6556 Batanes'),(111,'Howe','Bethany',28,'35/11 Beahan Street, Poblacion, Masbate City 7678 Surigao del Norte'),(112,'Kunde','Wilton',48,'89/58 Carter Street, Vinzons 8644 Pangasinan'),(113,'Cronin','Zack',44,'01A/69 Schumm Street, Poblacion, Alaminos 6138 Guimaras'),(114,'Ziemann','Pinkie',15,'57A Prohaska Street, Botolan 3351 Masbate'),(115,'Runte','Abner',19,'47A/60 Wisozk Street, Perez 9693 Sulu'),(116,'McLaughlin','Amari',20,'79/02 Effertz Street, Mahatao 0072 Cavite'),(117,'Carter','Camila',18,'44/07 Breitenberg Street, Talalora 1458 Tawi-Tawi'),(118,'Sanford','Shanel',42,'26/85 Cremin Street, Poblacion, Mati 7901 Negros Oriental'),(119,'Ratke','Godfrey',6,'88A Monahan Street, Poblacion, San Fernando 7052 Maguindanao'),(120,'Wolff','Luis',30,'85A/43 Littel Street, Poblacion, Cabuyao 0252 Lanao del Sur'),(121,'West','Corbin',41,'97 Kilback Street, Godod 9012 Cavite'),(122,'Abbott','Margarette',37,'91A/90 Schuppe Street, Angat 9928 Surigao del Sur'),(123,'Gislason','Jaquan',43,'18A Frami Street, Angeles City 9194 Sarangani'),(124,'Larkin','Sedrick',17,'85 McDermott Street, Poblacion, Lipa 3930 Sarangani'),(125,'Corwin','Delta',10,'28 Rogahn Street, Poblacion, Quezon City 2991 Guimaras'),(126,'Reichert','Mike',23,'36A/55 Will Street, Poblacion, San Carlos 9226 Ilocos Norte'),(127,'Bradtke','Abdullah',47,'36A/20 Sporer Street, Poblacion, San Pedro 5108 Camiguin'),(128,'Batz','Madge',27,'67A Morar Street, Poblacion, Malolos 2611 Tarlac'),(129,'Hansen','Susanna',19,'59A/43 Batz Street, Poblacion, Tayabas 6586 Tawi-Tawi'),(130,'Tillman','Chandler',18,'98 Balistreri Street, Tubay 6274 La Union'),(131,'Prohaska','Emmalee',20,'55A/63 Abshire Street, Tabuk City 2102 Guimaras'),(132,'Rutherford','Delbert',39,'80A/35 Schamberger Street, San Fernando 7216 Quirino'),(133,'Lang','Ethan',6,'20A/33 VonRueden Street, Saint Bernard 7984 Metro Manila'),(134,'Lowe','Candelario',7,'71A Goyette Street, Poblacion, Pagadian 4677 Dinagat Islands'),(135,'Wolff','Martina',27,'69A Kihn Street, Aliaga 5500 Metro Manila'),(136,'Dooley','Odell',50,'78/55 Schmitt Street, Candon City 6471 Quirino'),(137,'Zemlak','Howell',46,'38A/87 Cummerata Street, Poblacion, Ligao 6490 Camiguin'),(138,'Wisozk','Audreanne',31,'01A Jaskolski Street, Poblacion, Quezon City 2761 Dinagat Islands'),(139,'McClure','Nina',16,'41A/88 Little Street, Poblacion, Bago 2282 Zamboanga del Sur'),(140,'Willms','Eleazar',36,'58A Mayer Street, Poblacion, Toledo 5150 South Cotabato'),(141,'Dooley','Onie',17,'71/89 Schumm Street, Banga 8791 Rizal'),(142,'O\'Kon','Annie',5,'33 Schaefer Street, Poblacion, Bayugan 4589 Sarangani'),(143,'Ankunding','Christina',9,'11 Kling Street, Poblacion, Calamba 9775 Compostela Valley'),(144,'Botsford','Talon',7,'95 Bahringer Street, Poblacion, Tandag 7984 Bataan'),(145,'Thiel','Precious',28,'78/48 D\'Amore Street, Poblacion, Malaybalay 1214 Cebu'),(146,'Wiza','Vivianne',20,'92/90 Armstrong Street, Poblacion, Batangas City 8042 Ilocos Norte'),(147,'Macejkovic','Mathias',45,'41 Gerlach Street, Governor Generoso 8847 Lanao del Sur'),(148,'Cummings','Gerald',26,'83A/98 Olson Street, Poblacion, Canlaon 1983 Abra'),(149,'Beer','Marie',12,'33/74 Schowalter Street, Poblacion, Himamaylan 3091 Aurora'),(150,'Bailey','Kiana',37,'09/60 Gibson Street, Poblacion, Mandaue 7541 Capiz'),(151,'Price','Melvina',39,'81A Rowe Street, Poblacion, Sagay 9907 Lanao del Sur'),(152,'Predovic','Estell',27,'96 Ferry Street, Alaminos 3701 Palawan'),(153,'Cronin','Alexys',32,'12A/00 Leuschke Street, Almeria 0467 South Cotabato'),(154,'Hayes','Shaylee',23,'00A Parisian Street, Mahaplag 8808 Isabela'),(155,'Heidenreich','Candice',25,'43A/80 Buckridge Street, Balangkayan 8298 Negros Oriental'),(156,'Feeney','Dudley',25,'42A/60 Jakubowski Street, General Trias 3787 Rizal'),(157,'Bins','Liana',9,'54 Hand Street, Poblacion, Olongapo 3492 Masbate'),(158,'Quigley','Damien',43,'53 Carter Street, Poblacion, Mati 7552 Dinagat Islands'),(159,'Boyer','Elody',11,'47 Rice Street, Poblacion, Muntinlupa 3854 Batangas'),(160,'Adams','Mollie',26,'85/55 Weimann Street, Lawaan 7411 Zambales'),(161,'Ondricka','Paxton',22,'39 Gottlieb Street, Poblacion, Valencia 0853 Capiz'),(162,'Tillman','Dortha',45,'23A Kuhic Street, Poblacion, Muntinlupa 0231 Cebu'),(163,'Dach','Carlie',6,'98A/06 Schmeler Street, Poblacion, Meycauayan 1258 Iloilo'),(164,'Hammes','Elenora',48,'20A Koch Street, Sara 8394 Dinagat Islands'),(165,'Pouros','Florencio',47,'77A Stanton Street, Picong 3368 Surigao del Sur'),(166,'Kuhn','Desmond',37,'91A Cassin Street, Poblacion, Ozamiz 8665 Zamboanga del Sur'),(167,'Franecki','Tanner',12,'89 Mraz Street, Poblacion, Dipolog 4183 Misamis Oriental'),(168,'Bailey','Jackie',36,'97/82 Parker Street, Escalante City 7911 Cotabato'),(169,'Beatty','Elmer',42,'84A Nikolaus Street, Poblacion, Sorsogon City 2314 Cebu'),(170,'Adams','Nedra',48,'98/34 Nader Street, Borongan City 8941 Sulu'),(171,'Dare','Kevon',48,'68A Farrell Street, Mabinay 3134 Laguna'),(172,'Upton','Guy',28,'85 Koch Street, Tandubas 9658 Zambales'),(173,'Terry','Loyal',48,'07 Satterfield Street, Poblacion, Tandag 9828 Agusan del Sur'),(174,'Kautzer','Lucas',49,'72A Gutmann Street, Mallig 7751 Quirino'),(175,'Schimmel','Garry',40,'71 Quigley Street, Victorias City 5560 Mountain Province'),(176,'Wolf','Rebeca',32,'70A/08 Brekke Street, Tayug 2604 Laguna'),(177,'Bauch','Marjorie',20,'54/70 Thompson Street, Morong 7729 Biliran'),(178,'Schoen','Richard',2,'07A Ziemann Street, Poblacion, Tarlac City 4706 Davao del Norte'),(179,'Leuschke','Janick',28,'89 Kautzer Street, Isabela City 4166 Ifugao'),(180,'Kuhlman','Billy',21,'57A/85 Carter Street, Lala 4445 Agusan del Sur'),(181,'Homenick','Trystan',12,'51 Gulgowski Street, Poblacion, Naga 7157 Bataan'),(182,'Wilderman','Jaycee',11,'69A Goyette Street, Pilar 5434 Zamboanga del Norte'),(183,'Ziemann','Magnolia',23,'66/96 Stoltenberg Street, Mapandan 3254 Davao del Sur'),(184,'Walker','Kane',19,'44A Stokes Street, Liloan 9625 Abra'),(185,'Lowe','Nayeli',33,'38A/65 Greenholt Street, Mexico 1162 Negros Occidental'),(186,'Renner','Orval',25,'31A/64 Schamberger Street, Badiangan 0155 Negros Oriental'),(187,'Tillman','Rosalee',33,'33 Bode Street, Poblacion, Cebu City 3832 Compostela Valley'),(188,'Prohaska','Lorenzo',28,'59/97 Renner Street, Sagada 8749 Camarines Sur'),(189,'Rodriguez','Davion',24,'80/43 Herman Street, Tanauan City 3177 Masbate'),(190,'Terry','Dangelo',14,'14A Erdman Street, Poblacion, Ilagan 0498 Tawi-Tawi'),(191,'Kessler','Whitney',43,'27A/38 Stamm Street, Poblacion, Malaybalay 1615 Catanduanes'),(192,'Dare','Dillan',44,'45 Hauck Street, Poblacion, Tagum 4198 Basilan'),(193,'Mertz','Susanna',31,'12/94 Pagac Street, Poblacion, El Salvador 4793 Cotabato'),(194,'Mayer','Jordane',12,'68A Bosco Street, Poblacion, Ilagan 7375 Leyte'),(195,'Gerhold','Cayla',41,'55/88 Ortiz Street, Matag-ob 4832 Sulu'),(196,'Simonis','Colt',27,'64/65 Emard Street, Balingoan 7920 Quezon'),(197,'Kshlerin','Brandon',12,'65/56 Gottlieb Street, Poblacion, Urdaneta 8944 Biliran'),(198,'Ebert','Ayden',25,'15 Conroy Street, Carcar City 6113 Sarangani'),(199,'Herzog','Samanta',13,'69A/48 Klocko Street, Poblacion, Butuan 4371 Negros Oriental'),(200,'Anderson','Rachael',50,'81 Kautzer Street, Poblacion, Bago 6089 Zamboanga del Sur');
/*!40000 ALTER TABLE `employee` ENABLE KEYS */;
UNLOCK TABLES;

--
-- Table structure for table `office`
--

DROP TABLE IF EXISTS `office`;
/*!40101 SET @saved_cs_client     = @@character_set_client */;
/*!50503 SET character_set_client = utf8mb4 */;
CREATE TABLE `office` (
  `id` int NOT NULL AUTO_INCREMENT,
  `name` varchar(255) NOT NULL,
  `contactnum` varchar(50) DEFAULT NULL,
  `email` varchar(100) DEFAULT NULL,
  `address` text,
  `city` varchar(100) DEFAULT NULL,
  `country` varchar(100) DEFAULT 'Philippines',
  `postal` varchar(20) DEFAULT NULL,
  PRIMARY KEY (`id`),
  UNIQUE KEY `email` (`email`)
) ENGINE=InnoDB AUTO_INCREMENT=51 DEFAULT CHARSET=utf8mb4 COLLATE=utf8mb4_0900_ai_ci;
/*!40101 SET character_set_client = @saved_cs_client */;

--
-- Dumping data for table `office`
--

LOCK TABLES `office` WRITE;
/*!40000 ALTER TABLE `office` DISABLE KEYS */;
INSERT INTO `office` VALUES (1,'Russel-Funk','900-086-1964x47594','tTrantow@Ondricka.com','43/37 Champlin Street, Sibagat 8184 Zamboanga del Sur','Pasay','Philippines','8501'),(2,'Welch-Vandervort','181-983-2913x8835','Karianne.Pollich@Adams.info','40A Stark Street, Poblacion, Marawi 3100 Laguna','Tabuk','Philippines','7619'),(3,'Gleason-Weissnat','(158)967-4765x81358','sFadel@Reichert.com','04A Conroy Street, Calabanga 4160 Zamboanga Sibugay','La Carlota','Philippines','7454'),(4,'Haley-Hills','1-694-024-6236x6270','tErdman@Lemke.com','03/21 Donnelly Street, Poblacion, Tangub 1031 Surigao del Sur','Guihulngan','Philippines','7106'),(5,'Monahan, Schowalter and Klein','411.262.7913','Alden20@OConner.com','30 Hansen Street, Poblacion, Calamba 2972 Ilocos Sur','Valencia','Philippines','1855'),(6,'Fisher-Kutch','1-834-867-1680x1679','aRobel@Heller.com','36/62 Schiller Street, Tayug 8007 Apayao','Tacurong','Philippines','9964'),(7,'Price, Kirlin and Morissette','(205)604-1518','Vivian.Daugherty@Schinner.org','30 Rempel Street, San Juan 5163 Siquijor','Lipa','Philippines','7910'),(8,'Anderson-Frami','764.591.8370x43695','oBosco@Rodriguez.com','35A/65 Jakubowski Street, Poblacion, Legazpi 8888 Leyte','San Carlos','Philippines','0566'),(9,'Williamson PLC','(608)928-1958x1249','Roberts.Pearl@Oberbrunner.info','17 Schroeder Street, Poblacion, San Jose 8261 Lanao del Sur','Tangub','Philippines','1550'),(10,'Blanda-Herzog','254-466-5138x059','Zieme.Brianne@Bechtelar.com','54A Roob Street, Tangalan 8450 Palawan','Lucena','Philippines','0553'),(11,'Mueller-Ferry','+80(2)5750344016','Cicero.Turcotte@Torp.info','56/24 Little Street, Poblacion, Naga 4530 Dinagat Islands','Koronadal','Philippines','8598'),(12,'Weber, Kub and Effertz','05461510688','Lynn89@Beatty.com','99A/58 Steuber Street, Llorente 4607 Lanao del Sur','Batangas City','Philippines','6512'),(13,'Hermann Group','1-909-360-4498','Swaniawski.Omari@Upton.com','38 Berge Street, Bontoc 2665 Bataan','Sipalay','Philippines','1564'),(14,'Bernhard, Cruickshank and Batz','912-318-4001','kShields@West.info','77 Heller Street, Basey 9823 Masbate','Bacolod','Philippines','8620'),(15,'Okuneva, Huels and Gaylord','03049177642','Bria94@Ryan.com','59/42 Howe Street, Poblacion, Muñoz 4800 Sulu','Maasin','Philippines','1382'),(16,'Torphy, Ritchie and Predovic','1-516-833-0308','Felicity43@Hackett.com','73A Thiel Street, Panglima Estino 0095 Eastern Samar','San Carlos','Philippines','9204'),(17,'Johns and Sons','+69(2)2599127504','iHeller@Williamson.org','79A/34 DuBuque Street, Poblacion, Mati 6479 Tarlac','Lucena','Philippines','2895'),(18,'Waters LLC','1-512-363-7094x25220','Daisy35@Rau.com','11/86 Erdman Street, Carmen 7662 Southern Leyte','San Fernando','Philippines','3343'),(19,'Pacocha PLC','1-467-560-2564x3001','xThiel@Dach.com','55A/30 Howell Street, Poblacion, Alaminos 1340 Pampanga','Batangas City','Philippines','9937'),(20,'Abernathy-Zemlak','1-967-373-3135','Marietta07@Hilpert.com','05A Glover Street, Dipaculao 8544 Abra','Gingoog','Philippines','1397'),(21,'Glover Ltd','324-602-4476x1392','Abigail.Bruen@Boyer.net','87A Kulas Street, Poblacion, Danao 5862 Agusan del Norte','Roxas','Philippines','0702'),(22,'Gerlach-Hessel','+50(4)7155111621','Brakus.Lela@Leffler.com','39A/55 Miller Street, Poblacion, San Carlos 2543 Leyte','Gingoog','Philippines','5159'),(23,'Altenwerth-Aufderhar','(863)065-1829x42465','Madaline.Mayert@Witting.com','76A/37 Gerhold Street, Poblacion, Bayugan 2520 Sorsogon','Dasmariñas','Philippines','8828'),(24,'Kunde Ltd','(382)586-5694x05382','Joe.Wiza@Erdman.com','81A Sauer Street, Poblacion, Ozamiz 7030 Quezon','Cavite City','Philippines','6210'),(25,'Swaniawski LLC','(367)745-0536','Hollis.Weber@Runte.com','70A/50 Stark Street, Las Nieves 9823 Albay','Escalante','Philippines','9513'),(26,'Ferry Inc','217.207.5542','Coralie.Adams@Mitchell.com','55 Cole Street, Poblacion, Iriga 3133 Davao Oriental','Dasmariñas','Philippines','1611'),(27,'Paucek, West and Bergstrom','046.738.5038x15845','Merl.Macejkovic@McClure.com','46A Frami Street, Lantapan 0411 Aurora','Parañaque','Philippines','3134'),(28,'Satterfield Group','1-472-774-1306x054','Darius43@Brakus.com','61A/60 Carter Street, Sanchez-Mira 4870 Laguna','Naga','Philippines','5518'),(29,'Fritsch, Quigley and Borer','+65(1)2603475726','oPowlowski@Barrows.org','98A McKenzie Street, Magalang 0418 Batangas','Bogo','Philippines','6963'),(30,'Hessel and Sons','916-409-1526x55306','Alexander.Anderson@Wunsch.info','93 Moore Street, President Roxas 0647 Ifugao','Urdaneta','Philippines','8405'),(31,'Mante PLC','038-789-9942','Laurianne.Paucek@Rutherford.com','11/03 Sporer Street, Poblacion, General Santos 5531 Davao Oriental','Bislig','Philippines','3285'),(32,'Hansen-Kuphal','226-785-9801x69070','Friesen.Lydia@Prosacco.info','32 Jacobs Street, Poblacion, Marikina 7231 Lanao del Norte','Legazpi','Philippines','1632'),(33,'Dickens-Kreiger','(735)007-7673x96623','Dock.Kiehn@Hansen.com','18/27 Kassulke Street, Zamboanguita 4022 Biliran','Tuguegarao','Philippines','4417'),(34,'Herman, Kuvalis and Johnston','1-978-015-9916','qKohler@Rosenbaum.org','74A Simonis Street, Poblacion, Olongapo 6244 Zamboanga del Sur','Cebu City','Philippines','0910'),(35,'Jast, Prohaska and Nienow','531.047.2872','George.Hyatt@Wisozk.com','59 Harvey Street, Claveria 7105 Dinagat Islands','Batangas City','Philippines','5083'),(36,'Hermann LLC','(615)524-1721','Abraham30@Conn.org','99A Thompson Street, Poblacion, Manila 4439 Cotabato','Roxas','Philippines','9530'),(37,'Heaney, Schumm and O\'Connell','1-870-560-3280','tHilpert@Skiles.com','91/03 Effertz Street, San Isidro 1740 Capiz','Victorias','Philippines','8183'),(38,'Cole-Metz','(953)748-9152x542','Presley.Ruecker@Kohler.com','60A/69 Nicolas Street, Poblacion, Antipolo 1053 Metro Manila','Cagayan de Oro','Philippines','2797'),(39,'Senger Ltd','05796314968','cLesch@Gutkowski.com','32A/39 Collier Street, San Julian 6134 Negros Occidental','Alaminos','Philippines','8388'),(40,'Stamm, Spencer and Parker','(173)888-7143','wMoore@Farrell.com','52 Stehr Street, Himamaylan City 1993 Leyte','Calapan','Philippines','0525'),(41,'Rolfson, Lubowitz and Hilll','620-210-8131x610','Vito68@Dibbert.net','54A Lindgren Street, San Leonardo 2541 Bulacan','Panabo','Philippines','0238'),(42,'Jacobi, Gorczany and Rohan','417.648.4821','Reanna.Smith@Smitham.net','85/60 Stokes Street, Poblacion, Samal 9900 Albay','Sorsogon City','Philippines','4142'),(43,'Stehr PLC','1-279-520-5812x981','Brando36@Schiller.com','18/37 Wiegand Street, Clarin 4082 Capiz','Las Piñas','Philippines','0141'),(44,'Moore-Oberbrunner','676.809.9637','Lizzie.Mosciski@Kuhlman.com','11A/16 Corwin Street, Tuba 4620 Quirino','Tuguegarao','Philippines','2197'),(45,'Homenick-Terry','+13(3)5123033280','Laila98@Carroll.net','99A Bogan Street, Poblacion, Ligao 6875 South Cotabato','Samal','Philippines','4370'),(46,'Jerde-Grimes','+25(5)8780049521','Stark.Leonard@Heidenreich.info','08/77 Glover Street, Cabiao 6181 Pampanga','Las Piñas','Philippines','5412'),(47,'Sawayn-Luettgen','608-713-0696x57701','Dorthy97@Quitzon.com','77/02 Conn Street, Naga 3818 Sarangani','Talisay','Philippines','0821'),(48,'Parker Inc','(117)191-8271x03870','Itzel.Gerhold@Mayert.org','51 Schoen Street, Basey 1379 Laguna','Biñan','Philippines','5182'),(49,'Miller, Crona and Stokes','+79(3)2480748786','Ullrich.Eldora@Frami.com','36 Kautzer Street, Pilar 0577 Northern Samar','Carcar','Philippines','5445'),(50,'Hilll LLC','03045152811','vHowe@Block.org','91/38 Powlowski Street, Alfonso 9679 Batanes','Toledo','Philippines','5545');
/*!40000 ALTER TABLE `office` ENABLE KEYS */;
UNLOCK TABLES;

--
-- Table structure for table `transaction`
--

DROP TABLE IF EXISTS `transaction`;
/*!40101 SET @saved_cs_client     = @@character_set_client */;
/*!50503 SET character_set_client = utf8mb4 */;
CREATE TABLE `transaction` (
  `id` int NOT NULL AUTO_INCREMENT,
  `employee_id` int DEFAULT NULL,
  `office_id` int DEFAULT NULL,
  `datelog` date DEFAULT NULL,
  `action` varchar(100) DEFAULT NULL,
  `remarks` text,
  `documentcode` varchar(50) DEFAULT NULL,
  PRIMARY KEY (`id`),
  UNIQUE KEY `documentcode` (`documentcode`),
  KEY `employee_id` (`employee_id`),
  KEY `office_id` (`office_id`),
  CONSTRAINT `transaction_ibfk_1` FOREIGN KEY (`employee_id`) REFERENCES `employee` (`id`) ON DELETE SET NULL,
  CONSTRAINT `transaction_ibfk_2` FOREIGN KEY (`office_id`) REFERENCES `office` (`id`) ON DELETE SET NULL
) ENGINE=InnoDB AUTO_INCREMENT=501 DEFAULT CHARSET=utf8mb4 COLLATE=utf8mb4_0900_ai_ci;
/*!40101 SET character_set_client = @saved_cs_client */;

--
-- Dumping data for table `transaction`
--

LOCK TABLES `transaction` WRITE;
/*!40000 ALTER TABLE `transaction` DISABLE KEYS */;
INSERT INTO `transaction` VALUES (1,36,7,'2018-11-15','eveniet','fuga nulla rem','079dd6e6-da07-36f7-a268-d7d9ae18eb1e'),(2,116,43,'2021-05-04','aut','accusamus eius aut','3f0c4ecf-dc14-3bb5-8825-76cc040d6827'),(3,84,23,'2015-11-13','praesentium','expedita dolores quia','cb51f1fe-04da-3a3c-b2a6-809eefafa4fb'),(4,41,22,'2023-08-26','atque','suscipit laborum voluptatem','34d29caf-49a8-31b5-91db-c979cb7abc4a'),(5,145,17,'2023-04-24','expedita','nihil amet aut','5cf1d727-6781-31ee-8c00-59b7a7f7bef7'),(6,60,27,'2019-03-12','iusto','nesciunt repellendus blanditiis','040223d3-55f2-3253-9bbf-3106e01b6bea'),(7,78,5,'2020-07-27','quae','quam cupiditate sunt','fb900939-26b3-380d-95fa-0c7559118619'),(8,161,42,'2015-10-10','deleniti','qui et minima','a5a74757-744e-306c-b5a1-8f2d19b377e7'),(9,154,38,'2017-10-11','dolorem','earum qui debitis','0ab72b89-4a26-35f7-9d95-2e59b3fe9319'),(10,198,43,'2015-03-15','quis','iusto libero blanditiis','eecdd6ae-2157-360a-8858-4ae3de7e67a2'),(11,94,10,'2017-05-31','voluptas','quia est quas','02db5d5b-1d2f-3cb0-8a39-280d5d4223d3'),(12,13,33,'2023-09-09','est','aliquam in est','640dfe49-3ae0-3b29-8ba5-c75eb9b509b1'),(13,17,25,'2024-06-26','doloremque','in cum architecto','ff022417-b591-33a5-9cab-1e368620be9d'),(14,75,10,'2022-11-16','natus','dolorem ab maxime','dac2ef11-7b02-3b4f-aa3b-a66819a08ea8'),(15,171,3,'2017-12-25','illo','dolorem aspernatur quod','3137df9a-d233-37c3-9029-6ea04e0fb934'),(16,33,39,'2016-07-12','rerum','quos delectus fuga','1f76c2ad-8e03-30c2-a28f-899a1c9be87a'),(17,63,9,'2015-04-11','nemo','eos est aperiam','85bc51d0-ba4a-35da-8178-4fd78972bc31'),(18,193,50,'2019-07-22','consequatur','est quae a','8845bb59-6290-304d-b738-f1aa52f3f27f'),(19,77,2,'2024-01-19','cupiditate','assumenda nihil eos','c72fc813-fc87-3e52-9628-e38052f2c2bb'),(20,7,36,'2021-01-08','laudantium','eos nisi voluptate','befa2667-12d5-3b74-9dbe-45d9d69a1764'),(21,197,5,'2020-10-03','at','omnis quis eum','9cd3b696-a4fd-37e7-815d-05867a81bc89'),(22,55,36,'2019-10-02','est','hic unde dolores','8306cb83-3558-33ea-838d-260dea073962'),(23,89,45,'2019-10-16','tempora','sint facere quas','9824457f-3032-340b-80d0-273ee5a62f67'),(24,110,15,'2016-09-28','consectetur','occaecati quasi assumenda','501a7ac7-b1e2-3365-9aab-34e35bafbc09'),(25,142,43,'2023-01-30','amet','tenetur vel vero','fe80257e-417b-3ccf-a039-93bcd1278fca'),(26,82,6,'2020-06-04','voluptates','facere repellendus et','a561a8fb-157b-3e0b-acb5-a215bda4ab30'),(27,81,8,'2024-08-18','deleniti','blanditiis ab sed','7aede7cd-d53a-3d93-bd0f-0a2713e36ce1'),(28,90,42,'2018-12-14','necessitatibus','id et asperiores','94cd197c-259b-3a78-bf76-d9576fb5c679'),(29,32,48,'2019-03-26','eligendi','molestiae consequatur ad','c8f860af-9a06-32a6-811d-1f5419618a40'),(30,68,12,'2023-06-25','corrupti','optio at impedit','80e15525-4e65-36fb-91d0-555d11816538'),(31,168,21,'2016-01-13','et','error ipsam quia','0bbf43d0-7bad-363a-900a-785c966b3d89'),(32,171,36,'2015-10-14','consequatur','quibusdam est eligendi','5ea0a4f4-d3dd-3b61-abbb-ec1a9d272b07'),(33,198,19,'2017-09-27','ut','vero fugit provident','c0a0aea3-4bd6-351f-a46d-4f7806dbf886'),(34,3,43,'2021-03-16','nesciunt','vel ut quas','bbcbbeb5-b3e6-3b45-92e5-5fc41be4851a'),(35,31,19,'2023-06-02','voluptatum','veniam voluptatem voluptatum','3bddec0e-ad67-3e2a-8695-1db1614f4942'),(36,112,21,'2018-11-06','vitae','sapiente qui consectetur','b8c6c4ec-7cab-323d-a027-24d6ab447371'),(37,46,14,'2018-03-15','qui','ipsum voluptatum aut','94fb4256-cbff-3362-a944-14973f3613be'),(38,43,15,'2018-08-28','dolores','et odit explicabo','f0d5c9cd-f74c-3ddf-b52a-11d2004d4356'),(39,106,40,'2018-11-05','nulla','dolor et qui','e478e785-4f0b-3d3d-a6b9-73425d80f875'),(40,33,14,'2024-07-11','rerum','eaque autem animi','b6e35316-47fc-32d9-9860-8a8e4c74d6c0'),(41,196,17,'2022-10-27','nulla','molestiae reprehenderit dolores','8277d850-b76f-3814-865d-7a65d36237a1'),(42,14,24,'2017-05-02','aut','veritatis pariatur unde','be4f91c9-88a7-3a25-b0c0-94c0bc8f0d80'),(43,165,36,'2017-01-03','cupiditate','aperiam repellat architecto','5e680061-1bd9-3fa4-a15b-139dd870ab3e'),(44,134,26,'2016-04-15','quo','aut deleniti omnis','d49f31e6-fd18-3c2f-a8f2-b988eb7a0add'),(45,8,30,'2015-03-07','quas','vero excepturi ut','48d81e47-935a-37b2-8179-2ba2f0ab5cdf'),(46,133,31,'2024-05-07','sit','in ducimus esse','ab2ba5d6-ebf8-3ba3-b1e6-93df690cfb24'),(47,138,1,'2024-09-23','ad','libero similique sunt','3269e66e-e20a-3f9d-a2f4-42977a059ad1'),(48,181,19,'2019-10-08','iste','atque aspernatur ut','f0f835da-a8ee-3853-b3d0-ae72cd3991d1'),(49,144,41,'2022-07-04','repudiandae','soluta error magnam','ef25065a-2fe7-3e4c-bade-67223c33c326'),(50,69,18,'2016-09-11','dolore','laudantium consequatur blanditiis','7beeb228-7c6c-36bb-9fb9-7a33c209c7d3'),(51,125,48,'2020-09-11','eum','facere ipsa itaque','1c8357c8-b046-30b5-b651-3c8c7ecdc758'),(52,102,31,'2017-11-26','voluptate','debitis recusandae fugit','53b66f56-8a80-34b3-99be-777436b85446'),(53,48,38,'2017-07-26','officia','corrupti aut aliquid','547fc668-b6c6-3639-aa0e-84a575a49c5e'),(54,142,9,'2019-09-03','aut','rerum aut consequuntur','17bb4e4e-8ef1-3e7a-b517-2efe8f8cd2ee'),(55,156,33,'2023-03-11','aliquam','aliquid eos dolorem','818d97da-cd47-3d58-ad45-4e7d51b96876'),(56,84,34,'2020-12-21','voluptatem','quia non culpa','81fa4746-4a1a-3d1c-8200-155e4f828a79'),(57,191,4,'2018-10-12','ut','quia alias adipisci','75556fd1-f970-3130-ac69-e3a6c14fb1ba'),(58,90,37,'2016-06-24','sapiente','rerum ut alias','315df7f6-cb09-3089-b89c-b9042490c6b1'),(59,128,12,'2016-10-27','aliquam','nihil consectetur architecto','c31a5f46-4106-380c-8a6b-23bdbc2172f5'),(60,131,14,'2023-09-23','in','earum eum esse','133b4af1-f05d-3547-9f37-766d78e6c4ff'),(61,167,11,'2020-01-25','provident','assumenda et accusantium','b16668fb-9005-33e1-a033-39266b626692'),(62,193,8,'2023-08-09','praesentium','ut amet perspiciatis','a36ab7be-0f4f-37f6-9ee2-a52c24d2796a'),(63,70,2,'2022-09-12','vel','assumenda ut non','b0e53c03-cdb7-3e52-aae0-1a480088a4c4'),(64,27,24,'2019-04-01','ut','sed et esse','123d1eae-e885-35a0-8f90-e944caf11dcf'),(65,163,15,'2018-04-30','ex','blanditiis sed fugiat','e410d8a8-ef29-37ce-97b5-ee7d93d12039'),(66,112,29,'2021-01-05','ab','unde nesciunt et','54c84ab3-cad7-3989-b776-7f645dad9305'),(67,161,19,'2024-05-31','rerum','ea fugit sint','c8ac39c9-5979-385a-bcd3-554acef9e68a'),(68,147,13,'2024-07-18','vero','fuga et a','3799faa1-d025-3bcb-8cb4-132dce169339'),(69,43,32,'2024-11-01','quibusdam','quia accusantium sed','49544c67-6a7e-3c9e-b11e-1c4e2660b4b8'),(70,194,38,'2018-08-17','veniam','ut commodi inventore','21471f45-cb01-3e4d-9f8b-8bdacc7844f3'),(71,166,7,'2016-05-15','occaecati','et et vel','2847bac1-e685-36e6-95f0-608565f4f5b5'),(72,153,49,'2023-08-31','eveniet','deleniti at quo','0b173b52-1a8d-3bcb-b67f-c3aeb28b4a8a'),(73,153,8,'2023-05-06','et','soluta eveniet veniam','3335c193-340b-30e9-b8db-95a822b9221f'),(74,115,4,'2020-11-30','repellendus','labore aliquam quibusdam','62e7a63b-7e32-3fc4-8321-3b77afc3a1cb'),(75,76,18,'2022-12-02','doloribus','atque ducimus dolorem','32adc8eb-a763-3206-908d-887e79ffec08'),(76,118,39,'2015-05-11','itaque','ut iure sapiente','e7db3bdf-7569-3ef6-8c31-e5d9dc499db0'),(77,153,6,'2021-10-20','vel','quod et ipsum','fe9056db-019a-3aca-bba9-62f34b716930'),(78,81,44,'2024-08-20','id','similique delectus natus','3e28580b-3af2-349a-9fc8-302c3f0fce3a'),(79,155,32,'2023-01-21','harum','porro ut consequuntur','7dcfa043-70e0-3908-875a-70a491e06815'),(80,82,25,'2018-10-15','delectus','itaque et corporis','8b1a2f3c-e202-3b42-9589-b57f4de1c99c'),(81,46,43,'2022-03-03','et','sunt consectetur ullam','f737a520-dee5-31ac-b100-56f302ba0beb'),(82,131,26,'2023-09-02','quia','aut tempora non','967c5124-68f2-3443-bf87-695de6aba7a9'),(83,5,21,'2024-10-05','ut','labore doloremque facilis','64eb733e-67b4-37bd-842a-c93e28da6b45'),(84,148,21,'2024-01-27','molestias','et facere vel','fad401b8-c720-39e4-b487-f2c0c612e798'),(85,144,14,'2017-03-13','odio','quo similique voluptate','7135c585-f87e-36a7-8397-6808d446fe40'),(86,135,42,'2021-10-15','ad','ea fuga earum','73cc47e5-1eb9-329a-84da-d501ecc2054a'),(87,115,2,'2024-07-21','quibusdam','hic quo asperiores','3a51a0ef-97aa-3607-ab37-8690b7292602'),(88,131,49,'2023-03-03','sit','odio recusandae quis','3da5901d-ea5d-34ae-90c5-abc8c6d67b7a'),(89,199,42,'2022-10-14','neque','enim sint aperiam','47c7396f-504a-33e0-bf12-87d3622c1b30'),(90,39,44,'2016-06-08','officiis','voluptatem aperiam aut','e11da9fd-128b-3df0-bcb9-5d90c5790f06'),(91,66,22,'2020-12-28','error','cumque laborum officiis','00e7bbe3-8d7d-3a61-845a-f6ea769df44d'),(92,152,7,'2021-08-03','et','molestias vitae voluptatibus','d6614875-7e26-3f22-9f11-798192071983'),(93,85,32,'2021-05-28','ratione','expedita neque et','0ac1b2a0-d6d5-393b-b90d-20a865af286f'),(94,137,4,'2017-02-27','enim','rem dolor corrupti','d0a72842-0eb6-3273-8878-2b32dc7ba289'),(95,181,39,'2023-11-10','similique','velit ex facere','1be7ca61-7d22-3bea-8a94-5558599115d3'),(96,41,9,'2021-11-12','excepturi','molestias fugiat inventore','9acf94cd-400b-34be-8072-ae675a4195dc'),(97,163,44,'2021-08-12','est','enim voluptates odio','fa061045-f843-30f8-84e3-c526edb350cc'),(98,53,38,'2023-07-14','numquam','iure quae fugiat','c948cc8d-4257-312e-9498-c1bcd19ac471'),(99,64,46,'2024-05-28','sed','facere enim ad','a4da043e-c8d6-3fa4-ac15-84e7ec64287b'),(100,76,1,'2021-10-24','et','aut similique libero','a7f4ca9e-6e66-3bcd-868b-ecc487e6a3cd'),(101,14,27,'2022-12-23','qui','dolor natus voluptas','36bc0667-184a-39c8-9ba3-926c7bd74999'),(102,176,6,'2021-02-01','et','est ullam voluptatibus','bd4aeb60-39ad-33dc-8f30-587bacefc6bd'),(103,132,50,'2020-04-08','et','qui nam omnis','ccfe472e-3188-3577-8164-a5b5464ecedc'),(104,98,39,'2015-07-23','consequatur','vel eum explicabo','4a9712fe-082c-30d4-b1f4-045a16d21418'),(105,135,35,'2023-09-28','accusamus','sapiente et ad','3311a9a0-f3ec-316f-9fa9-573c97075e9b'),(106,199,23,'2025-01-20','qui','aut nisi aspernatur','0e8c3ff7-2104-364a-8f36-2c27bab53f87'),(107,197,43,'2024-11-27','sunt','ut aperiam ipsam','3f66e478-3c99-33bf-a7fd-e4eaab2ad57e'),(108,154,33,'2017-10-06','voluptatem','et id occaecati','39a6aa33-2606-31b5-bc1d-e3e242e79109'),(109,116,7,'2019-04-04','eveniet','nihil maiores eius','c919fe16-c151-3bca-a46f-be68e3caeaa2'),(110,57,6,'2023-08-28','inventore','provident sit distinctio','7b1be1ea-f3f0-3c46-87e3-945b3924cd80'),(111,28,3,'2018-03-30','iure','cum exercitationem qui','026298a2-99fb-317f-9c2b-4820445f59f0'),(112,16,20,'2018-01-22','eum','placeat et accusamus','73f2b4ef-1e9a-307e-b903-ed8ca1acd10e'),(113,96,4,'2019-10-30','et','et illo repudiandae','b0013e37-f8c4-38ad-a3a9-5ff373d0240b'),(114,173,6,'2019-12-03','omnis','non praesentium voluptatem','ec672ce2-b154-393c-9f53-f015081810f9'),(115,77,31,'2024-02-15','a','tenetur perspiciatis facilis','94ac85d5-9db8-35e6-9c62-7bbbf93bc376'),(116,69,44,'2019-07-08','est','aperiam magni laboriosam','e45590d0-2090-31da-aecd-863d95a16b11'),(117,181,40,'2016-04-09','quia','inventore deleniti quasi','71a2a795-f2ba-3be8-95ef-c78d5e59ed01'),(118,146,37,'2021-07-07','molestias','et rerum et','392b6b4a-6a14-3ae4-a6b5-4b892bd02e2b'),(119,46,33,'2016-09-30','et','corrupti dicta dolores','fc60fbef-2098-3d19-ba16-ba6419e8cb6d'),(120,150,39,'2024-08-06','qui','beatae quia et','9d074e27-ce9f-32e2-bbe1-bba1b625fbe1'),(121,105,44,'2020-02-27','voluptas','ea ut libero','d5a6ad12-37a8-3e70-81b6-0ba1a78b4249'),(122,95,25,'2018-06-23','ut','ab assumenda inventore','55cea07a-b50a-3cd9-81f3-5ba52d2fe124'),(123,89,6,'2017-02-28','enim','eius aut itaque','9abec1c4-f91d-3257-8ef3-0404ac46df64'),(124,12,8,'2024-08-22','laboriosam','perspiciatis cumque sed','8a5ef7dd-bd1d-3093-a0f2-1e02096ba1e2'),(125,19,35,'2016-01-23','molestiae','cupiditate est vitae','e42ba01c-a5bb-32e6-8714-4c03bab55e39'),(126,189,39,'2021-05-04','eveniet','nulla tempore cumque','67a0b92e-dc2b-35e7-b444-3bdd2c59a127'),(127,101,9,'2015-03-19','maiores','labore et dignissimos','6b2db217-1a66-372c-bb67-5d5151bc6627'),(128,180,33,'2020-11-17','autem','et necessitatibus quidem','c33b8702-151f-3051-8508-842103ed40e6'),(129,133,49,'2017-12-25','a','nisi aperiam voluptatem','0131ed09-a96f-31c5-a607-370106a428f1'),(130,3,47,'2018-09-08','ipsa','omnis mollitia explicabo','9a8eb3a2-2e1e-3e3c-86b7-2819c4096835'),(131,110,17,'2023-12-24','possimus','consequatur quo facilis','dde525d0-f311-381b-8525-74c3073d789a'),(132,108,11,'2017-12-29','sint','qui nihil ut','adb4a6a6-6059-30fa-bf2c-e9ac41105d5e'),(133,151,41,'2022-02-14','sit','vel impedit ea','145e9b5f-b03d-331b-9b81-3338b63fe172'),(134,106,49,'2023-06-10','aut','blanditiis adipisci natus','0c670e4f-9366-3a6c-b35d-7b1febb64add'),(135,190,21,'2024-08-15','qui','et quia et','7ce6e5d2-9719-39af-9495-4445078c0653'),(136,7,10,'2018-09-14','vel','amet mollitia possimus','0d61c3f2-f393-31e0-a3da-8a4a70be5585'),(137,71,3,'2023-12-30','voluptates','qui at corrupti','287c8fd3-c600-3eed-8d0c-3733857cb10c'),(138,24,43,'2022-03-26','dignissimos','aut mollitia cumque','ef6119d9-8afc-3905-a791-6249c542208a'),(139,75,40,'2025-01-21','eum','maxime quia sit','27a78381-a8ac-338c-8505-f05fba62c154'),(140,108,30,'2022-09-18','deserunt','tenetur nobis culpa','ae16aed2-a0e2-34d5-be81-0e9115b4f87c'),(141,154,43,'2021-06-03','quidem','occaecati velit laboriosam','f88c492c-d662-32b3-85b4-e88d8345b7ae'),(142,182,21,'2020-11-03','enim','minima ullam illum','de51f7e9-110c-32e3-a5f5-06680183e998'),(143,154,15,'2022-03-15','cumque','quos vel assumenda','72e1c51f-81e1-3cd8-9e4d-4c6c5c5edf1f'),(144,84,49,'2016-01-31','qui','sed consequuntur explicabo','3095b6b9-0ab1-3d96-a109-526575530451'),(145,4,40,'2020-09-22','omnis','voluptas itaque repellendus','3f00153a-3204-3906-a96e-367fde07cc6e'),(146,91,29,'2018-08-19','vel','aut veniam facere','712fe8df-b1e2-35b9-851c-f1185cd2302a'),(147,31,25,'2022-07-09','accusantium','reiciendis ipsam suscipit','dcd7e5e9-893a-3a76-9715-b0991aac5eda'),(148,119,14,'2016-03-01','qui','quidem cupiditate dolores','97039ff4-3c41-3443-aa63-b340bc166a03'),(149,51,5,'2021-03-14','amet','repellendus et placeat','a30512d4-af2b-347c-9ecc-dd0393109fdb'),(150,66,18,'2018-10-10','et','qui est molestiae','b6797fc2-30ee-3cc3-9d54-a7b81ed8264b'),(151,79,7,'2018-05-25','distinctio','facere reiciendis quibusdam','9b4d0a49-39ef-3a45-8e04-ddc81326fc92'),(152,137,7,'2024-12-15','voluptatem','rem ducimus esse','788f4950-1a4c-32e6-84a7-3bd3db5e71b8'),(153,92,32,'2020-01-26','laboriosam','hic vero quo','0d151f3f-ef16-356d-a07f-0b6a42aff704'),(154,63,50,'2019-09-28','et','earum velit labore','4416714f-d3dc-3572-881a-5b2596640c7f'),(155,31,25,'2022-12-30','voluptate','iure ratione et','243cfe3a-56f5-33f7-a3ff-aaaf65cb7a25'),(156,45,40,'2023-05-18','quis','et quibusdam ullam','7a52f962-232f-311b-bc69-3d12ad51d99d'),(157,115,31,'2019-08-06','quaerat','illum quo omnis','831a0ddf-bde6-3a72-b2a6-072cacc3d59b'),(158,113,8,'2015-12-06','temporibus','nisi cum dolor','2c7a26d0-26da-35b3-8a9e-4ae2008a0c7b'),(159,2,28,'2017-09-18','dolores','dolores consequatur quidem','2160bd8d-082d-3350-b913-d11b419a6e92'),(160,55,46,'2020-07-21','quis','est ratione nam','3164070b-9a01-3868-a061-417c1aa19b60'),(161,102,33,'2017-10-27','earum','rerum quia maxime','c82da94b-2cab-3e31-bf8f-3181c4cc401b'),(162,130,42,'2020-04-30','labore','perspiciatis cumque doloribus','60558a63-9aaf-36ce-b68f-7a3f36702a0a'),(163,122,39,'2021-03-01','perspiciatis','voluptatem et nihil','76c8349a-e76c-3610-9555-c74c9600393c'),(164,94,30,'2022-04-08','occaecati','molestiae et minima','1426458d-3d9d-3b89-a62f-298b71cdac08'),(165,134,20,'2017-11-28','voluptas','ducimus animi reprehenderit','0c7eb701-d5ba-3eec-b17c-28b595cb8a67'),(166,171,50,'2017-05-04','nihil','rerum ea architecto','73decf17-9d47-390b-b32d-b9f096011fa1'),(167,18,37,'2021-12-18','aut','voluptatum tempore pariatur','74d0866d-5ba1-3d17-beb5-f10b54cc9729'),(168,100,11,'2017-01-21','ut','omnis alias molestiae','d9c8ee6a-a129-3d56-97e3-f9d7314156ef'),(169,81,50,'2019-02-05','sit','sapiente non dolor','fccd957a-5dbd-3b63-a06f-89e60f7c1b8a'),(170,90,6,'2018-06-11','nemo','voluptatem dolor ea','19bb406d-01c3-316b-bf5d-e66ced6d81a8'),(171,82,31,'2022-08-16','debitis','tempore sed molestiae','5af08b5a-4dba-3620-91f9-ee2570948276'),(172,142,8,'2019-09-07','deserunt','tempore et tempore','35950941-cfce-309a-ab4b-9670fbf91060'),(173,130,7,'2023-04-28','quos','error amet saepe','f3e67662-245a-3649-93c3-7d541a8495e5'),(174,124,48,'2018-09-20','id','molestias natus hic','248daf76-954f-3c8a-98e5-ecf7df0532c4'),(175,115,13,'2016-11-06','vitae','totam qui ut','ccf80ff4-484e-3010-aa3f-fc9f09f6e93c'),(176,54,37,'2019-02-23','sequi','amet maiores commodi','3204443d-95e3-39fa-b676-236d0bfdc3d4'),(177,131,50,'2020-08-08','laborum','voluptatem doloribus unde','bdd5d772-a016-3ed9-b148-52089c4a1be8'),(178,89,34,'2023-08-09','aut','exercitationem praesentium et','2c05868e-4454-32fe-bf2b-f34e32bc46cb'),(179,167,35,'2019-08-22','at','consectetur dignissimos iste','afe03275-2e36-3c57-9461-3d6d22caddcf'),(180,191,15,'2017-10-23','ut','odio perferendis dolorum','1902f55c-b8bb-3d83-93ff-4a3ffc356047'),(181,126,21,'2019-10-05','modi','molestiae dolorem odio','5113b524-c400-36af-9cf7-0436e2b46523'),(182,70,22,'2025-01-09','est','voluptatem qui minima','9a4d3325-5b9e-32a5-8053-739bed2c8d89'),(183,111,6,'2020-04-01','nesciunt','sit tenetur debitis','30d65df0-5ba4-3031-b579-bedfacdf9934'),(184,74,11,'2015-06-13','autem','qui nihil est','cdf94c77-8789-3f0c-874b-0a2d0adbcc1d'),(185,92,27,'2023-07-15','et','optio enim est','d0282ce1-af80-36ad-98f1-6e5046375e22'),(186,142,36,'2018-03-12','reiciendis','voluptates iusto possimus','605476f1-9242-3e6a-b9ec-8842090596bc'),(187,193,42,'2016-11-26','voluptas','ea hic omnis','08422b4d-802b-3eef-abc8-5955ab89c896'),(188,156,30,'2017-02-28','rerum','quia nam et','623f2823-49be-35a1-ad63-e5e243b0abaa'),(189,134,36,'2015-11-16','sed','soluta dolorum molestiae','eb53db50-6eda-3c49-95f5-f1ce19095ccc'),(190,36,3,'2022-12-17','velit','consequuntur enim non','1f67f5c6-f1aa-356d-ac98-9ff026665b02'),(191,62,22,'2022-11-04','in','eos ad rem','45d9d8a4-ab1f-39a6-9075-d6925d0d62f5'),(192,34,12,'2016-10-05','id','consectetur nemo voluptatem','827fb1dd-c7af-3de0-9f2f-7544dcf1f4d9'),(193,156,2,'2019-10-17','commodi','dolor voluptates voluptatem','6670fa89-f270-35b9-895f-e3ba5e101174'),(194,122,23,'2015-03-07','incidunt','iure ut labore','0ec8fa68-1072-3ae6-95cc-6482986003f1'),(195,23,39,'2018-11-13','molestiae','deleniti dicta dolorum','cbb33ed1-694b-32f8-8b60-29a7eb769f80'),(196,196,4,'2017-07-12','et','ipsum numquam nulla','a747d0d1-1746-3069-9d58-f58d36ab88e6'),(197,114,18,'2022-11-13','doloremque','corporis a reiciendis','ba7a1616-c13c-3824-a0e3-7ca4eb2d985b'),(198,141,19,'2021-02-18','amet','quia consequatur assumenda','b74f7f2f-8d80-3b2e-9f3d-cbeac5b4095a'),(199,38,7,'2023-05-30','expedita','consequatur enim quisquam','642ffac1-1f50-3f38-9b38-018b0bbb3a9b'),(200,192,7,'2023-08-25','quo','voluptas quia quia','33b8ebee-95a7-33cd-83f5-d061881a379a'),(201,3,3,'2016-12-30','expedita','repellendus ut quis','96888b2c-09e8-3ed8-98d6-32df94acdbe4'),(202,113,43,'2022-02-27','dolorem','iusto tempore aspernatur','f7d21593-aa78-3d6f-87a3-4eb8e192d762'),(203,120,43,'2020-11-04','sed','dignissimos laboriosam qui','816d6d97-a969-3931-99ca-54158f56f1b9'),(204,52,13,'2017-01-12','saepe','quis quia aut','35639e34-c355-3c57-bf0e-372bff6b8537'),(205,113,11,'2016-12-29','consequuntur','ab nesciunt eum','dbdf9495-09ac-38cb-b9f4-5d32000833bf'),(206,157,32,'2021-06-07','inventore','ut excepturi dolores','5282c7ad-8928-32c7-9bc3-f79c45d359ab'),(207,15,16,'2016-08-13','recusandae','natus fuga in','63130d3b-50e6-3248-96bb-3d56e7789e9b'),(208,165,34,'2016-06-08','enim','quas atque natus','205a33d2-56f0-342f-8ab1-1a15f38274d5'),(209,93,44,'2016-08-13','nihil','quis quod dolor','ae1bdfc0-c91d-3796-b7e8-899b2d8e1a20'),(210,12,46,'2021-09-02','sit','maiores ducimus facere','b29123ee-62f8-3697-ac98-a6d636326297'),(211,181,2,'2024-05-01','officia','perferendis at saepe','6ddbe9ed-ea99-3896-aa0c-6d62108928e5'),(212,188,42,'2022-06-11','pariatur','et repudiandae nostrum','a1c9f2a0-6bee-3c06-8044-a7f6517b26a2'),(213,173,39,'2015-09-11','omnis','dolor assumenda consequatur','1b855099-4560-3a80-8af0-90f56e6b43e3'),(214,65,2,'2024-09-07','assumenda','exercitationem laboriosam nesciunt','00a1bc11-533d-3e6f-8eb5-9e1b9bebc0cb'),(215,97,37,'2018-01-23','accusantium','quam neque aperiam','86ea6049-919f-3852-b2f3-f59dba0a1e5e'),(216,11,37,'2021-12-24','voluptas','quia error nemo','02782226-90a9-3b9a-bff0-c5b892a0877d'),(217,187,50,'2023-09-24','aperiam','eum ullam aut','b5f7e1fd-3d68-3a43-9cc6-a986fe439156'),(218,30,7,'2022-01-28','aut','cumque doloribus omnis','ba42e4ab-595a-3af5-8dcd-948954a471a9'),(219,124,36,'2017-10-06','ipsam','aut fugit delectus','805ef258-0036-3513-8479-a50d24e98b52'),(220,6,42,'2017-04-29','itaque','quod aut sed','828292c3-05ff-3bba-892f-37e41e0d5e6b'),(221,122,36,'2019-09-18','laborum','itaque ut quae','3316c48e-4548-3b74-b59b-c177279bd225'),(222,3,3,'2015-07-14','natus','quo accusantium porro','978ad660-52e4-3258-9d5b-8de9f4d4121f'),(223,171,10,'2015-03-22','unde','voluptatum necessitatibus omnis','09ec81df-a5ab-3840-a8f8-0e85a27b81cc'),(224,199,39,'2016-04-03','doloremque','nostrum dolores ullam','497c1e8b-1604-3ea9-975c-82764c4faa82'),(225,162,3,'2022-10-08','perferendis','atque magnam porro','3ebfd9ec-e860-3952-a218-e4a74d0c7961'),(226,152,23,'2020-01-05','asperiores','enim eum in','82a333d8-730a-3fc9-9730-ae4f9f72e27c'),(227,68,26,'2022-10-06','repellendus','dolorem nulla sint','8000316e-5972-3156-87be-f4ce09d39851'),(228,120,10,'2021-02-15','similique','illum atque omnis','daf10c1b-4ea5-3b06-b159-790e516941fb'),(229,37,5,'2022-07-30','accusantium','quo cum deleniti','e532b8bd-3717-384c-ada5-b7fcf5079995'),(230,17,28,'2016-02-05','culpa','totam sunt qui','a9a0a84a-2635-3a9f-b497-48216828e160'),(231,45,32,'2019-03-23','ipsam','non non aut','22f18889-d063-343e-997a-be18512c949f'),(232,2,39,'2022-03-17','quia','laborum quo consequuntur','fe0b3aa2-647d-320e-ad2a-444203a24f84'),(233,10,45,'2016-06-30','dignissimos','vero rem dolorum','d8c27995-c7b1-3597-8679-b50fc4603d97'),(234,34,7,'2022-05-26','in','occaecati maxime optio','a7d03bda-fc65-372f-8f99-f3e0a314bd61'),(235,7,14,'2021-04-08','eum','aut ea odit','8ae35160-8c46-3eb3-bd1c-5ff9d8b96150'),(236,13,50,'2023-10-29','nemo','ratione enim consequuntur','0f2a7187-a74f-3580-8616-ef3f79c96153'),(237,179,41,'2015-11-29','enim','voluptas nam id','819c995b-7e1d-3b9c-8307-a45b07cc9087'),(238,33,12,'2018-07-27','voluptas','minima et qui','669c6926-1bc9-32d6-a7b2-cda79f66289d'),(239,73,41,'2016-10-09','aut','sit non facilis','685317ad-dd74-3514-a878-20bfb0d8ede7'),(240,10,13,'2019-07-12','odio','esse cupiditate eos','460c1412-8b31-31b1-825d-53299a3759de'),(241,188,50,'2023-03-08','voluptatem','nostrum quis est','d0244ffd-618b-3be8-84cf-7f3df4ff2cab'),(242,53,43,'2016-11-21','eveniet','et tempora facere','8356b76a-384f-3b39-80ad-4e5dba0207f2'),(243,75,45,'2021-09-19','blanditiis','velit unde perferendis','2c7be365-a23f-3f79-82a1-d832cb65eb3f'),(244,139,31,'2017-07-21','dolore','et libero non','faa788ec-70e2-3a8d-b030-86d893af1d8d'),(245,115,50,'2016-04-18','aliquam','minus quod eos','b0ebb034-51df-3dff-8f25-02c76805e5e3'),(246,26,36,'2017-01-05','amet','ad officia molestiae','d6db2531-eddc-3e7a-bae3-322f77933fc6'),(247,168,36,'2015-12-23','sit','est temporibus quisquam','175fa311-334a-366a-931f-98638b02fed2'),(248,32,35,'2021-02-14','eligendi','et asperiores dicta','85bec1d2-504b-3bc2-897e-92f49e89e535'),(249,94,48,'2018-03-31','quia','dolorum illum distinctio','a30e8bea-8b0b-326b-a322-e612d79c91b0'),(250,139,5,'2021-02-27','ut','dicta et qui','188bcf32-e4e7-3d7c-81a6-ecf27a0d6cea'),(251,4,35,'2020-11-06','autem','totam odit qui','d4688548-46d7-33c2-81c2-66cd6a80854c'),(252,53,32,'2019-10-19','laboriosam','autem tempore molestiae','4a14eed4-7d51-383d-bdb6-50e765040731'),(253,190,27,'2023-11-23','velit','libero vel qui','52af09e8-47ff-38d5-8a1d-f9a51e21aaab'),(254,35,17,'2018-04-26','sit','tempore eum beatae','a78d0d39-c209-3808-82ce-fc403f3031d7'),(255,163,13,'2015-07-13','fuga','rem vitae veniam','5ecfa7c7-2635-3631-905a-5e366a5cf027'),(256,147,15,'2024-04-15','veniam','mollitia facilis velit','f4731641-67c5-314e-b54a-7c313a00ce0b'),(257,102,23,'2023-02-09','at','excepturi voluptas commodi','80cbc57a-ad2a-338f-a93b-6bf169a312e7'),(258,182,22,'2021-12-25','minus','voluptatem consequuntur aut','0f9afe8a-d8ca-385b-83a2-00a75e32d09e'),(259,101,16,'2019-08-31','ratione','quibusdam alias distinctio','fb31f5fc-642d-3bf0-9b14-6c8cc03a2ea2'),(260,169,34,'2021-04-07','id','ut quo quis','8cfcc803-e037-38a8-8a6a-059c20beba86'),(261,52,5,'2021-07-07','quae','ut deserunt assumenda','7f35be6e-a4dc-3307-8dd7-c76d3014dedf'),(262,166,26,'2023-10-06','et','libero excepturi aut','516c7282-df9e-3ddf-8184-5ef196a7a2e1'),(263,80,8,'2017-05-31','dignissimos','pariatur magni dolor','93176f58-a01d-3c5d-914f-94db4b53af25'),(264,5,42,'2020-07-15','aut','laborum est veritatis','6674382a-588b-3766-8163-9a84a2a5f003'),(265,184,9,'2019-10-11','dicta','reprehenderit nostrum voluptas','00fb65cc-524f-3b20-8ac9-06abcd5ca075'),(266,147,48,'2022-10-01','magnam','doloribus et commodi','2ef87f94-9533-3fe2-a9c6-9f201418c153'),(267,163,42,'2023-09-23','cumque','molestias soluta ipsa','36ac5da1-88a4-3b01-80ff-55bf1d533976'),(268,84,5,'2018-10-30','et','alias deserunt eveniet','93cc16d5-39a9-3eae-8d88-5ddd7d82431d'),(269,104,50,'2020-04-08','rem','veniam explicabo voluptatibus','eb42aa7b-8fbb-3bb7-9e03-0a8f1047382f'),(270,174,16,'2019-07-24','fugit','possimus incidunt quod','986ba985-ce8c-3975-b77d-17c1000dd0dc'),(271,83,37,'2021-11-29','reiciendis','et ea distinctio','26e46de2-429d-3236-aaf0-1323e36c40c1'),(272,10,45,'2022-08-06','accusantium','repellendus temporibus quis','589bc7cc-29cb-3f66-97f1-a0da6c7f29a8'),(273,179,24,'2023-03-20','eaque','dolores modi molestias','c0357823-5193-36d0-a49f-f42c79fe66c5'),(274,86,38,'2017-04-19','itaque','saepe et fuga','c1722385-dd06-37c7-b032-d4851e71339b'),(275,52,32,'2016-09-28','et','adipisci consequatur porro','9889904a-31f0-3894-8ffa-23a555646254'),(276,139,32,'2020-01-31','dolorem','qui suscipit doloribus','ee9889cc-5a54-37ea-80a9-d5c0897a9edb'),(277,87,19,'2018-06-19','quas','ea provident commodi','f21747e4-2be7-3a54-86c0-e4a58852df79'),(278,9,35,'2023-04-07','quo','minus harum blanditiis','571d3c26-9617-32b6-81e6-f6f455e26816'),(279,124,30,'2019-08-28','consectetur','iusto quam recusandae','dadef817-3acb-3491-9654-092cdf9d628b'),(280,166,38,'2019-04-09','sit','fuga ad qui','a76e852f-6cf2-302e-a4e3-a5fcbaf876b1'),(281,197,7,'2015-12-03','quis','consequuntur ipsum deserunt','eb38589b-92ab-3c66-9154-436fc6f10599'),(282,50,46,'2021-08-03','et','rerum neque perferendis','c0487f2f-be38-3ef0-9454-619d21c52032'),(283,58,37,'2023-09-17','voluptatem','ducimus sed est','91e1ad90-ec5d-3fa7-8a6e-93ab2b93b92d'),(284,68,46,'2022-12-15','harum','recusandae hic quia','2a6bf4fd-0a52-3705-a60f-e35994a1e175'),(285,198,31,'2019-08-02','similique','et non impedit','86658c04-4884-36e8-8223-a4e94614e80d'),(286,146,29,'2023-05-25','cupiditate','dolore at ducimus','0f24469c-cd3e-36a3-8d8f-85f5d021e629'),(287,20,13,'2019-03-13','et','quae velit sit','e7103b35-3889-37bb-b6e9-91ef13e4016e'),(288,179,8,'2020-10-27','voluptatem','blanditiis sint et','37267073-8880-3e4d-b0b3-40b08972fda9'),(289,13,30,'2016-08-22','quia','atque possimus debitis','91785f54-cdc0-33ce-801d-55d7070378a8'),(290,114,30,'2022-08-25','itaque','dolores dolores et','30134f05-b081-382c-9a4d-38ce9186a0e9'),(291,109,27,'2022-01-29','nesciunt','aliquam nulla est','f92f278f-48df-342f-b81b-4ece6454bfad'),(292,57,1,'2015-12-08','qui','quam esse quos','2ae74128-3773-3606-9e14-5e9d7143387c'),(293,134,21,'2021-02-24','veniam','amet voluptas in','420fe66f-a82c-3720-bbca-5d6237bd080a'),(294,46,18,'2015-09-28','eveniet','quis quia nesciunt','90711cf9-88a2-3abb-a8dd-8f400306030d'),(295,153,20,'2018-12-07','harum','asperiores consequatur numquam','5331b1d7-a03d-312d-a4fd-b748847315a3'),(296,71,26,'2023-08-15','non','sunt hic magnam','a6bd16b0-c0e4-3bbc-ac79-898aa8bfd109'),(297,190,5,'2024-07-15','maxime','repellat explicabo hic','e8235707-819c-3617-a4f0-bb20d2ace243'),(298,157,48,'2017-01-09','beatae','sapiente odit atque','2fe9d0d1-2b9f-31ee-8ed4-d49210f1afde'),(299,31,40,'2016-08-01','aut','ipsum explicabo expedita','5676c368-3a85-3c13-95c5-0ecae6363108'),(300,99,29,'2023-10-10','laudantium','quia non amet','051c7966-69d3-30de-812b-f7db5ccac310'),(301,60,23,'2021-11-10','nostrum','et ut totam','32469a2f-162d-3369-a16b-49ef89f5e9b4'),(302,149,32,'2024-12-15','et','vero adipisci dolorem','5957a0ea-bd1b-38c8-81c3-76a83e54b41d'),(303,159,7,'2016-02-24','quis','repellendus quisquam illo','4a3a563f-d201-328e-a6b4-deb0dc58005f'),(304,79,48,'2019-04-16','aliquam','est optio cum','35393b03-de0e-3fe2-8c4f-392ef86ee856'),(305,177,25,'2018-10-13','culpa','voluptatem nisi maiores','dafac7ec-1dc1-3e1e-98da-666a977f25b5'),(306,22,19,'2019-02-12','deserunt','laborum amet suscipit','9e5955f1-b9c8-370b-a0f5-a795e67a3ec6'),(307,49,29,'2017-05-18','est','vel natus aut','dab3fb36-7ea1-3303-8f23-a48e2443f509'),(308,149,29,'2017-10-14','fugiat','voluptate repudiandae quis','a8450020-75f5-3373-9e11-f7029651fb38'),(309,97,47,'2023-02-07','repellat','tempora quas excepturi','821d40d9-3f08-3a94-bd7e-b14ef58c7925'),(310,80,29,'2019-03-01','et','ut ipsa est','41793f4a-ffe0-32e1-85f4-90e61d6a5553'),(311,95,33,'2023-07-31','distinctio','iste animi error','404cc7e3-9a45-3758-afc6-e18a10e2f4a4'),(312,41,49,'2018-07-08','velit','perferendis dolore aliquid','d10a6491-da93-3e57-8359-6093faf16345'),(313,186,45,'2018-04-28','quos','optio quo dolorem','b92e6399-533a-30e0-b0da-14e65466940a'),(314,87,8,'2016-11-01','rem','voluptatibus ipsa et','4bd87e80-fae7-3d2e-ac40-0c69899cdd7b'),(315,172,15,'2021-10-04','dolor','unde perferendis ducimus','81fe5c46-0c1d-387b-a393-33908fb4e147'),(316,39,31,'2022-05-30','quae','porro numquam laborum','6ad891ce-9d47-3f5a-a7d6-e4e4ee8957c4'),(317,92,29,'2020-01-13','sunt','repudiandae quo dolores','a8beb0eb-882b-3c1e-88b3-85d824bc24a3'),(318,54,6,'2023-05-04','voluptate','ut ea similique','08397924-56da-39b8-b4c5-d5b807ddc1b6'),(319,179,18,'2020-02-23','fugit','sit ut qui','2ac0762d-2688-3684-9fea-5b5d8a68bd6e'),(320,121,44,'2024-11-27','repudiandae','tempora ut voluptas','55049066-8d54-3920-8b64-ae336bf58fdb'),(321,194,43,'2016-03-16','quos','aperiam autem quia','78953ddb-fbc7-3741-9284-54775f7566ab'),(322,194,47,'2015-05-10','amet','ut numquam voluptatem','b13461f5-5957-3b6f-a598-323e087c0c3b'),(323,11,6,'2015-07-28','dolorum','repellat earum ipsum','369e8d24-dc01-3ed4-baf9-8dd935c0bbe6'),(324,97,46,'2024-09-29','qui','odit vel deserunt','f1b7cceb-7fe8-3e5c-8e05-86b3d7834390'),(325,87,25,'2025-01-21','ut','deserunt velit eligendi','861bf20a-c7d3-3eb5-8029-244c849b1425'),(326,100,1,'2022-06-03','doloremque','ea autem et','abc3e35f-8d51-3565-9f6a-efabd4be8db4'),(327,50,28,'2021-09-03','dolore','possimus magni laborum','5b741579-11a5-3c5e-b8d2-612fc24cd2bd'),(328,129,39,'2019-04-01','non','nemo eos mollitia','90ba5f3c-1e65-3173-8fa6-a73367e90f8b'),(329,183,9,'2020-05-09','animi','at alias aut','c6e5d0ff-c0f5-3e31-8373-25c1b09f474a'),(330,37,28,'2019-03-13','aut','voluptatem veniam alias','759e549a-097f-36eb-9020-04d1b0bac515'),(331,193,10,'2025-01-24','qui','voluptas officiis quae','6a6d2e80-a414-36b4-8410-26ffbeb136d5'),(332,46,49,'2023-07-14','et','optio dolore vitae','f7a1aab3-98e0-3788-8a65-8fbbbe06b5e4'),(333,74,27,'2020-05-07','ad','nam at et','d238d480-6385-35c1-8b66-858dd56a27c9'),(334,51,48,'2021-10-05','beatae','consequuntur alias hic','219a7ed8-a96c-3738-8d8f-88bc80282b53'),(335,192,47,'2023-11-24','voluptas','laudantium laudantium dolor','990679c9-106f-319e-a911-173500de1468'),(336,199,7,'2022-12-14','nisi','quam odit atque','884bd548-e85c-36d1-8c81-c6c0677b5702'),(337,165,48,'2019-09-22','vel','saepe et totam','1e991f28-e88b-3a4c-96d6-944cb33cbf1b'),(338,145,31,'2019-06-08','dolorem','modi et non','a0813c5a-9f80-339d-8be3-11700270e447'),(339,152,40,'2020-11-03','provident','illum earum rerum','d9013cfa-d408-35cf-92cc-ec3c0ebb73cd'),(340,83,32,'2019-02-05','ullam','quis voluptatum nobis','bb46b6e2-8c3a-3c05-b85e-3c59eebe0d00'),(341,184,42,'2022-06-21','ad','dolore perferendis eos','500aa409-d208-33da-941d-dcd283341636'),(342,141,26,'2015-07-07','quisquam','et quas dignissimos','367f9e0f-aada-3e5e-ada2-a5e56bd008ca'),(343,6,38,'2025-01-24','eos','non eaque voluptate','2abdea2f-5bb0-3c93-a33b-401c7f21d085'),(344,68,30,'2017-10-04','aut','dignissimos quisquam harum','30c51a06-b5e4-3173-b18b-de8f6b784105'),(345,65,9,'2021-01-28','vel','quisquam ad expedita','d974abab-1b45-3ff5-befd-ee53593d1fea'),(346,200,3,'2021-12-14','quo','aut excepturi distinctio','5724ed32-c56b-3022-bb41-8f6bbb2cceb4'),(347,115,20,'2019-04-22','qui','necessitatibus adipisci eligendi','047cac4a-c39f-3626-bc0b-9aaf266521bf'),(348,101,13,'2018-07-20','eveniet','iusto sit deserunt','0c9ed5e5-e447-3afb-9c07-2f4b1acbd217'),(349,95,49,'2017-08-11','et','voluptatem et aut','71825d38-a5c5-3062-8ef2-e99d4339cb4f'),(350,27,9,'2021-05-20','ex','eum aut qui','01f67175-55b0-32d4-9b3e-ebe2736a19ff'),(351,60,18,'2022-04-26','vitae','voluptatem est perferendis','186aa95a-1ab3-3179-b5c3-fd0b67fba83c'),(352,166,41,'2019-05-10','ea','quia consequuntur non','abb1d53e-c6c5-39c8-87cd-2c12c234edb5'),(353,70,39,'2015-05-14','possimus','est voluptas expedita','fd17184f-9ece-39ee-9359-f9ddbbca1836'),(354,30,50,'2024-05-21','ut','laudantium aliquam rerum','80ea8ad6-08f0-31ea-9b9c-8000f0cdf985'),(355,94,25,'2019-04-01','culpa','facilis laborum deleniti','23b05438-690f-33c9-806c-9ce018bb652a'),(356,12,15,'2017-02-04','eum','tempora at voluptas','7a2cbfea-76b5-39d3-b6ba-bdfa7e9855b3'),(357,22,38,'2020-05-29','illum','nisi qui magnam','7c62eb5e-c7ce-324a-b7a1-e1e8c7da5d94'),(358,30,33,'2022-04-27','vel','odio est ut','db335dbc-248f-3e2f-92e8-0fbb753c087e'),(359,181,29,'2016-08-13','totam','doloremque quos et','03f771c9-4ec1-3394-8456-161869284c0f'),(360,68,10,'2017-07-30','quos','suscipit ratione non','04384b83-dbd2-3027-b754-ff3a88625893'),(361,14,24,'2017-04-08','molestias','et sed sunt','39c23e9e-eb58-3506-b05d-258ede8ccc42'),(362,190,49,'2022-03-21','cum','dolor quos perspiciatis','e05f55c5-8d35-36d9-bba7-0f8a1b9d7cfa'),(363,142,17,'2019-08-20','rerum','provident qui voluptatem','cb4f508a-73b2-3bf2-a49d-4d5964c85905'),(364,148,8,'2019-05-30','sint','aut numquam quis','416d2f2c-8810-3051-9d6d-0df68eae1591'),(365,54,29,'2020-08-27','reprehenderit','veritatis magni eligendi','db7f614d-e0aa-31a3-8d57-88ba74189c80'),(366,51,3,'2015-08-14','qui','impedit et ut','3d25aebc-e23b-3d06-a2af-c8a53fd16a9f'),(367,156,50,'2025-01-28','qui','dolorem quia itaque','ca27db0b-f51e-36fc-bf69-5ddc24bd8927'),(368,96,1,'2023-10-21','quia','recusandae quia autem','42bef022-6415-38f0-89c6-8e7f45e5cd4d'),(369,45,28,'2021-04-04','numquam','et voluptatem molestiae','c49e83c7-d4bd-31d0-b6df-04d6724486a2'),(370,159,21,'2022-06-07','ut','tempore quaerat impedit','386cfa27-56f4-3af8-b6ba-0912af0c6240'),(371,128,31,'2024-04-02','voluptatem','necessitatibus architecto quaerat','e9d09c61-5929-38c1-8b78-a05954987051'),(372,32,49,'2023-11-06','excepturi','placeat quia facilis','c7cc9b35-8134-3706-96ad-65b8f2aa49ab'),(373,84,13,'2023-04-18','sint','aut quas autem','6f8dfecc-1d66-3e14-aac1-785f4e4e3ea1'),(374,54,10,'2023-06-13','animi','quae consequatur quia','37e49d19-f171-319a-9d06-8aa790b6e8ce'),(375,174,21,'2019-10-29','nisi','tenetur nam et','95b7c3f7-9850-36fa-bbdd-bacbe13e6821'),(376,58,9,'2022-11-22','sit','earum laborum non','0df8abb7-3dd6-3bca-9f1f-2b4fd009dafe'),(377,166,9,'2019-01-16','qui','voluptas unde qui','f4b0d585-0546-30a5-b7bb-e0ea0dea22c3'),(378,6,15,'2016-07-17','perspiciatis','mollitia doloremque veritatis','589f4dd6-0974-36b6-85e1-478d87a3a873'),(379,54,32,'2016-12-21','voluptatem','illum asperiores sint','538f0356-5710-3ec6-9375-61158764ffce'),(380,92,11,'2015-06-09','autem','impedit vel non','548cc557-f116-3ce3-8bfd-7a285ad9fca7'),(381,196,45,'2016-08-30','deleniti','repudiandae commodi rem','325243a2-8783-3d64-ac5f-c57e43dd89b3'),(382,174,16,'2023-05-28','labore','voluptatum excepturi quas','ab50940a-926d-3845-ab8c-5ca7c0c1dfa9'),(383,166,42,'2022-02-14','quaerat','modi dolores tempore','8e8424bd-8df3-33da-b658-0fe4dae037df'),(384,74,3,'2021-12-19','voluptas','eaque libero vitae','c0e06baa-46a9-33b3-83e6-c2311864b6f9'),(385,46,7,'2018-10-24','et','nihil doloribus voluptas','8696f3be-0cf3-35a6-ac94-bb7ba20b455c'),(386,165,22,'2020-02-09','veniam','eos omnis quos','62e68872-ebe6-3f14-81ca-197ebe043d63'),(387,183,39,'2018-10-16','aut','qui sit fugit','c7aa0796-1dcc-3876-a1ec-9f8165dfa313'),(388,186,15,'2018-09-30','reprehenderit','aut rem ut','fcba2224-7664-3500-8d88-b6a0dc1dc4c1'),(389,41,37,'2019-06-11','magni','voluptas culpa rerum','f0b162aa-3e09-35fb-acad-bfd58f404488'),(390,13,44,'2017-04-02','sint','provident sunt fugit','4f3f382f-810b-350b-98f4-8c00b54fc4ed'),(391,161,5,'2015-11-09','animi','repellat quibusdam reiciendis','79b25062-1232-308c-afd3-9165266c1a7c'),(392,167,45,'2019-06-12','omnis','omnis aperiam maiores','2920d486-6ce0-3bf9-bc9d-634a0c503951'),(393,55,17,'2024-12-01','rerum','sit laboriosam at','8ee07bfe-8bfc-306a-9936-93dd87cab691'),(394,58,22,'2024-04-01','beatae','perferendis et molestias','a6e3fff5-ef20-3695-89fb-2364f097807b'),(395,54,43,'2016-04-22','ea','doloremque quos incidunt','1a2b59d6-88f7-36a4-bf8c-c1dd9a7aeba0'),(396,82,43,'2023-11-24','temporibus','iste molestiae architecto','bb16fc79-44f3-3309-a5eb-bfff6fb4451c'),(397,184,30,'2022-05-30','officia','et labore libero','c4a465b1-c254-3ae1-85fa-68d2743c7919'),(398,192,10,'2021-09-16','reprehenderit','vitae odio et','545e6c0b-f1e3-3ada-8e41-2bac39670a4e'),(399,112,2,'2024-02-18','fuga','accusantium et voluptatum','dfacf6ac-db06-36ea-84c5-89f729cc7685'),(400,147,6,'2023-05-13','vel','iure placeat ut','67e7ff0f-8791-3455-b968-2b1524cab8ce'),(401,108,25,'2019-07-08','facilis','placeat consequatur velit','e642d311-e1e6-3fb1-a9ad-a487096f67a7'),(402,179,48,'2024-01-05','aut','eos doloremque ab','adb580a8-960c-334b-827b-303736d7e37e'),(403,171,47,'2017-01-19','amet','quia maiores explicabo','e0ca568b-22f9-3b5a-a2b7-a0ef07aa5599'),(404,51,31,'2018-06-25','aut','distinctio accusantium reiciendis','b0c609ed-9410-31f0-a9dc-b989570b5a66'),(405,13,45,'2018-02-14','ducimus','id alias vel','a36c2c66-fefe-3461-9617-0b8f5e4c870f'),(406,142,1,'2018-12-31','ab','veniam et enim','0d903beb-d420-3152-8060-9c8c0a58e016'),(407,6,40,'2024-07-13','reiciendis','accusantium sed modi','ff8f5902-e108-3041-bc2c-680b46b284e9'),(408,64,27,'2023-12-16','aut','ad nostrum reprehenderit','bc06669f-3b2a-3bf2-b341-6c41c986f25a'),(409,169,20,'2016-11-26','aut','tempora exercitationem temporibus','e71ef6be-7fc4-3a91-9e38-3d1e0fe38c2c'),(410,89,7,'2024-11-02','amet','voluptatem in enim','3cc095c7-9453-3ade-a97c-7a560e0ddad6'),(411,145,48,'2018-05-26','laudantium','maiores tenetur maiores','702dc7c5-ad6e-3448-bf28-20f7a3a1a634'),(412,44,44,'2016-07-06','vel','quibusdam quae eaque','c8a01ce2-9976-3c52-a96c-a4fcb24e7868'),(413,52,29,'2016-06-27','doloribus','voluptatum vel iste','92cedaa9-a05e-30ec-b9cb-182bd6590d50'),(414,20,9,'2022-12-01','ad','ipsam aspernatur blanditiis','d05c9ca9-ad17-3252-b3c0-5fb6c311f53c'),(415,99,24,'2018-04-26','expedita','ab voluptates repellendus','0afc5beb-c426-33be-9cf5-72ffbfd2ed80'),(416,178,37,'2019-02-08','magni','rerum omnis et','d35c45e0-0fc2-32a8-9d45-1d3d82a3c48e'),(417,20,4,'2020-09-06','voluptatem','voluptas omnis vel','a64e626f-c7b9-31fe-a516-93f04989da52'),(418,83,32,'2018-07-11','numquam','voluptas ullam molestias','ac33ddbb-cab9-3e08-94ca-717604e22547'),(419,122,15,'2023-12-19','corrupti','porro omnis in','36931151-b5a7-39fb-9895-d5cf472fcc42'),(420,3,40,'2017-08-07','voluptas','consectetur facere et','2e3521e2-5e42-3668-a9c0-9a59c176df1c'),(421,50,25,'2023-11-24','maiores','nesciunt voluptatibus aut','9538c3ed-1f29-3fcd-a33f-ebe14004cf46'),(422,100,2,'2016-06-06','enim','omnis commodi ut','77c1f7ec-856a-3c12-9def-f9d67ac4b6fb'),(423,37,18,'2023-11-14','neque','nihil ipsam beatae','fa93960c-be5b-38f3-8f50-410c9e22fa7c'),(424,64,50,'2015-12-20','earum','eum odio culpa','66ef2b2a-b0dc-31e9-af9d-5848b2bdbbff'),(425,61,30,'2023-11-18','autem','praesentium accusamus numquam','8f7880a7-aede-3aed-8430-bdf07869c92f'),(426,121,39,'2020-12-20','ipsum','vero esse dicta','6d6032e9-957e-32ac-b971-bc8eabac3dc5'),(427,72,18,'2018-04-26','qui','voluptas mollitia veniam','e3ef9b9b-c37a-3b08-8e30-e1b4073142e6'),(428,59,6,'2023-03-08','aut','ducimus eveniet in','48cf636b-5729-31cd-b877-6fe778342145'),(429,4,41,'2016-02-11','ex','ut cum dignissimos','22d7d0ce-f88e-38b9-9d2b-35b24d96f7b6'),(430,42,41,'2017-09-14','consequuntur','nobis libero et','ffd3eeb2-2b43-3f6b-a2ae-89dab40246a2'),(431,99,5,'2020-01-08','est','assumenda nobis vel','405b25f1-6412-3e28-8b20-8c2fd186836a'),(432,108,2,'2015-06-25','unde','amet omnis id','013be220-9083-325e-8e1c-5400ac06c649'),(433,99,20,'2017-11-24','molestiae','id et illum','ac998c8a-4509-3121-9a46-62cd0a415d18'),(434,43,36,'2016-10-18','explicabo','itaque in nulla','8abfced5-376c-3730-837e-fe251dd07964'),(435,104,42,'2018-11-30','ipsum','sit et sunt','b8c4c43f-d1d7-3974-9d12-4818bdcde691'),(436,140,40,'2021-01-28','et','harum dignissimos est','0ae9190c-d448-3f1c-8bc1-eb59796e8558'),(437,150,21,'2023-09-26','et','ut fugit aut','2fba5f6c-c1b9-3ced-818b-204548b290af'),(438,122,46,'2015-05-01','perferendis','et perspiciatis voluptatem','13a0568e-73a5-3e34-86b7-b5e0a584e9f2'),(439,1,22,'2019-11-26','ea','dolorem similique eius','37a538cc-984b-3379-9224-606135413b97'),(440,26,23,'2015-09-26','fuga','unde quasi et','c653c414-a078-3f73-8070-4ee043effca2'),(441,173,46,'2015-07-23','id','non aut quod','a5fbd141-c627-3c69-8601-cb61d9ba3d51'),(442,158,50,'2020-07-29','veritatis','ut molestias maxime','7321d4a6-0fea-36d0-9910-8efdc8784ffa'),(443,133,10,'2016-07-06','aspernatur','esse omnis cumque','81977766-61ef-3267-a919-d1d009e9ac33'),(444,31,50,'2016-09-01','animi','similique molestiae fugiat','b5d9e2a5-eb18-37d2-8dbe-c32f40ff8c60'),(445,110,24,'2020-05-03','nulla','ad facere et','08455feb-e7ef-30af-92eb-50504cf6450f'),(446,153,30,'2018-05-17','culpa','autem unde doloremque','3f01e092-7a63-363b-a9ff-679562663a87'),(447,161,16,'2023-03-28','iusto','omnis aut architecto','d0255bfd-6d62-3d0b-a669-6f54179c330a'),(448,197,36,'2015-11-24','non','eos aperiam sit','203b7555-be03-3f11-8225-564079dd3eab'),(449,111,38,'2019-08-23','magni','unde in ut','24fd7f91-c6ca-37ec-8a71-dda5c0af8acb'),(450,120,11,'2021-04-06','eaque','eum unde vitae','78f6a99b-7b26-3d76-9b53-92d9439d5050'),(451,71,40,'2020-05-31','cumque','libero natus numquam','21d75b78-e5b1-319a-9ac7-8ad9a7091bf2'),(452,198,22,'2023-10-24','autem','autem illo et','5963b193-45ce-3edc-a2dd-01d7154bb908'),(453,44,29,'2017-05-20','odit','laboriosam aut autem','7909f1cd-4d10-352f-a52a-7ae1c2e9da4d'),(454,91,7,'2024-11-21','debitis','ipsa possimus ut','2adcaff1-d7e3-3f1b-b65b-344ba719d2ae'),(455,136,41,'2017-11-18','ratione','voluptatem libero doloremque','558d574e-2050-3161-919c-3fe6ce5fc598'),(456,152,24,'2020-03-13','qui','hic culpa est','fbcbbab8-4c9b-3017-b47a-a2823cbf1109'),(457,191,21,'2022-10-16','eum','incidunt omnis corrupti','77a285a3-6351-3d23-9261-b0e698ed3eac'),(458,165,1,'2021-11-05','ducimus','sunt rerum quo','a2d63faa-d3de-3a97-b486-5a13cf8eb4ad'),(459,52,33,'2019-08-25','voluptas','eum et aperiam','1a6c653e-1c28-376a-a02c-1692b5495ba1'),(460,29,32,'2018-07-09','exercitationem','laborum sit doloremque','2584d066-2cf9-3bd4-9ee1-1ecb64d1d1df'),(461,96,8,'2016-10-30','est','velit id tenetur','56022034-0fe1-332b-b576-73be02b2695d'),(462,4,34,'2018-09-28','soluta','possimus animi doloremque','9c106df3-86d1-3335-946e-937aad1403e6'),(463,41,6,'2016-08-14','nesciunt','ab officiis sit','1fdbe90e-8c1a-3926-b0a5-d6ec5446394a'),(464,194,45,'2017-06-20','molestiae','corrupti in vero','23110f72-f51f-39ff-a59f-4a5026cef6c4'),(465,55,17,'2017-10-31','sit','neque facere et','e8092fa1-4ecf-399c-8887-90fd640f9ec8'),(466,111,40,'2018-12-22','adipisci','qui ut et','dfe04436-c355-3170-b5a0-25a0dca7d07e'),(467,166,31,'2022-10-16','quos','et suscipit voluptates','73781e23-8e5e-3dfa-bad7-16aa22d3e7c5'),(468,43,49,'2019-04-01','quae','reiciendis reprehenderit laudantium','5662cad2-7af1-3c83-8f38-9bec5f94cfed'),(469,72,41,'2016-08-25','aut','animi magni non','7161058d-88e6-338b-ac21-10db049ca082'),(470,148,15,'2020-09-26','adipisci','ab itaque deserunt','6a770812-b909-3c4a-9ba2-963319e2c50a'),(471,185,10,'2021-12-25','et','eos soluta voluptate','0d2a1254-a04d-3c5e-b591-a543a6aa2b3e'),(472,111,32,'2024-05-21','ut','corrupti id sed','da6c66c7-d0b4-39f6-8d8c-81bb3e0ca452'),(473,187,8,'2020-04-15','et','eveniet repudiandae voluptas','e92098a6-e819-36b5-ae0c-452a3d870f30'),(474,73,25,'2017-02-16','facilis','et rerum officiis','20b85130-d950-37ff-9b1d-6886b601dd3c'),(475,194,50,'2023-01-18','mollitia','rerum aut molestias','3e10fd39-5288-391d-93f5-00a3da05fc33'),(476,102,11,'2016-05-26','at','officia doloribus voluptatibus','f8865cc0-9c4a-34a5-ae5c-1bb54b3df60e'),(477,43,32,'2024-08-06','quisquam','accusamus consequuntur aut','a590688d-16e3-37b9-8892-0cd7952d3a83'),(478,153,4,'2022-05-13','labore','repellat maxime quis','daf19348-b382-3de6-8d11-35a09faf685d'),(479,77,15,'2015-11-18','molestiae','accusantium sint voluptatem','5a855c51-e85c-3688-9dde-0f9b6135427c'),(480,164,30,'2020-06-21','quis','in nisi laboriosam','f9cf4db2-9194-3e40-847d-5bc07e806818'),(481,5,12,'2016-12-02','qui','voluptatem magni perspiciatis','372ba736-66ea-3903-94db-733b7c5f6750'),(482,39,31,'2016-04-22','molestiae','inventore accusamus facilis','111b7607-2b2b-3607-a70b-f40aff074e60'),(483,166,12,'2017-03-18','quos','assumenda aspernatur non','aca90364-06e6-3f10-9ca8-14eb5ae80012'),(484,89,15,'2022-03-19','aut','in dolorum qui','eef453c6-23d9-3675-968e-6323964d03ed'),(485,90,11,'2025-01-27','occaecati','rerum aspernatur ipsam','03243ee3-177f-3547-8be9-362d01f60314'),(486,44,32,'2022-10-27','voluptate','incidunt aut et','9842306a-b39b-36f8-be78-86b6cf4c4136'),(487,144,4,'2019-10-26','et','quod magni sed','0b2e6914-3a2f-31f2-981f-1051fce2de26'),(488,110,28,'2024-11-22','sunt','asperiores qui est','a1b9bde4-bdcc-3071-9e4b-fca936eb5086'),(489,18,31,'2022-05-25','nobis','consequatur nihil laboriosam','f9abb585-525f-3a70-9367-da2f710849ef'),(490,182,35,'2015-06-24','error','non ut esse','933590ee-6ef9-3ae7-a5f9-52300ca9fbbc'),(491,16,21,'2023-03-28','et','illo et culpa','ed4b3b5d-ecd2-3432-9b18-7c47cbb0d928'),(492,165,28,'2017-11-28','sed','hic quisquam qui','601190ef-3221-30a2-afa1-e4cd404f95ba'),(493,153,50,'2018-10-22','consequatur','doloribus reprehenderit possimus','2be8d81c-3147-34b6-8201-3d6bf31b6595'),(494,45,27,'2022-03-06','illum','nam in voluptas','a9705424-4032-3899-9fe0-f3e6df590ba8'),(495,40,4,'2021-02-22','consequatur','quam similique et','7d207485-e8b4-35e0-898e-19aeb941fd00'),(496,188,12,'2025-01-23','neque','dolorem sed corrupti','d4e4c51e-76a4-3b7a-be96-88429333c96c'),(497,18,46,'2019-05-18','rerum','eos enim reprehenderit','3d03a522-a591-3671-85da-a4d1acf4e3c7'),(498,6,11,'2020-05-17','fuga','numquam quo aperiam','b6ed9f88-9cbd-3c53-a055-9d623197d721'),(499,172,50,'2022-09-08','sint','vitae aut ab','a1ff3816-36a3-32b8-8d9d-0c905ebf4870'),(500,56,43,'2024-07-16','omnis','itaque ut est','248a19b8-bf38-3bd1-850d-7e8c0986928d');
/*!40000 ALTER TABLE `transaction` ENABLE KEYS */;
UNLOCK TABLES;
/*!40103 SET TIME_ZONE=@OLD_TIME_ZONE */;

/*!40101 SET SQL_MODE=@OLD_SQL_MODE */;
/*!40014 SET FOREIGN_KEY_CHECKS=@OLD_FOREIGN_KEY_CHECKS */;
/*!40014 SET UNIQUE_CHECKS=@OLD_UNIQUE_CHECKS */;
/*!40101 SET CHARACTER_SET_CLIENT=@OLD_CHARACTER_SET_CLIENT */;
/*!40101 SET CHARACTER_SET_RESULTS=@OLD_CHARACTER_SET_RESULTS */;
/*!40101 SET COLLATION_CONNECTION=@OLD_COLLATION_CONNECTION */;
/*!40111 SET SQL_NOTES=@OLD_SQL_NOTES */;

-- Dump completed on 2025-03-06 23:54:16
